Name,Phone Number,Email
Simone Johnson,+27499997438,wright.barry@hotmail.com
Lauren Pretorius,021 033 3900,bmeyer@webmail.co.za
siphokazi Swartz,013 174 8438,lucas.young@vodamail.co.za
Joseph Dreyer,0231817737,gregory.vandenheever@vodamail.co.za
sibongile Jansen van Vuuren,011-908-8838,keith87@hotmail.com
Malcolm Rautenbach,+27440919307,charl46@horn.nis.za
Garth Molefe,0421614638,miss.may@gmail.com
Janine Van Dyk,+27573304179,fmogale@hotmail.com
Charl Baker,+27(57)8319680,richards.nhlanhla@khoza.nom.za
Nicole Mbatha,0210825738,lee.vanjaarsveld@richards.fs.school.za
Pierre Mlambo,0497203530,fjames@marx.co.za
Nozipho John,+27179124114,iroos@yahoo.com
Craig Adams,+27(23)6521571,justin.cassim@makhanya.edu.za
Yvonne Phiri,027-719-1993,lmasilela@webmail.co.za
Steven Dhlamini,+27(33)6305136,nscheepers@yahoo.com
lindiwe Thompson,0356458785,celeste.baloyi@webmail.co.za
Malcolm Phiri,+27177367023,theresa.kruger@gmail.com
Nozipho Van Dyk,031-683-6062,stefan66@yahoo.com
Tsholofelo Kunene,057-707-9669,brandon04@twala.law.za
Willie Rikhotso,0117950943,innocent19@gmail.com
Lungile Letsoalo,+27(43)4637771,sifiso73@yahoo.com
Fatima Tshabalala,023 009 3370,gsaunders@gmail.com
nhlanhla Pule,032 597 0584,mlambo.itumeleng@hotmail.com
Bianca Govender,+27(54)8022668,thandeka.vanrensburg@webmail.co.za
Portia Bailey,0338760389,scheepers.refiloe@mkhabela.com
Faith Tsotetsi,0147623451,andries.msibi@yahoo.com
Estelle Schmidt,042 063 1087,ismail.bulelwa@vodamail.co.za
Pieter Nene,0480350843,vandeventer.christo@nieuwoudt.law.za
Simon Govender,+27(58)9586269,wshabalala@olivier.co.za
Lungile Ncube,0110461356,samuels.lynn@pietersen.co.za
Takalani De Lange,027-188-4154,tracy.mbatha@yahoo.com
Rene Campbell,049 553 5290,louw.brenda@hotmail.com
Rebecca Bezuidenhout,0479287040,umasilela@miller.net.za
Robin Taylor,057-753-4208,jerome64@duplooy.grondar.za
Antoinette Harrison,042 308 0257,beukes.bruce@vodamail.co.za
Lesley Snyman,0463743287,wynand.hadebe@webmail.co.za
Christina Vorster,+27(42)6719204,thandi58@webmail.co.za
Dumisani Ledwaba,0364782110,charmaine.buthelezi@vorster.edu.za
Contact  Marshall,049 947 1819,nortje.katlego@taljaard.web.za
Sandra Peters,018 213 6659,akekana@skosana.ac.za
Denise Viljoen,+27227626765,daniels.pieter@terblanche.nis.za
Isaac Opperman,027-538-7813,karabo.dejager@gmail.com
thandeka Masemola,057 731 2446,takalani78@legodi.ac.za
Patrick De Bruyn,+27231319716,ywalker@gmail.com
Alexander Naudé,014-248-5191,hmthombeni@vodamail.co.za
Fatima De Villiers,0359480698,sandrews@moloto.ecape.school.za
Vanessa Swartz,+27(49)2020236,omulder@morgan.agric.za
Pamela Moses,+27120309607,njansenvanrensburg@potgieter.nw.school.za
fikile Clarke,+27(28)8807817,johannes41@webmail.co.za
Allan May,054 897 0126,bongiwe55@vodamail.co.za
Mike King,+27286301849,ghendricks@webmail.co.za
Nicolaas Maleka,+27573197958,vincent87@williams.org.za
Lucky Nell,+27244747551,zmofokeng@yahoo.com
Liezel Mohamed,+27(27)4021271,jacques.dladla@moses.co.za
Thapelo Marshall,016-137-0357,mdluli.peter@gmail.com
Jonathan Magagula,+27282042931,vmashinini@yahoo.com
Natalie Jones,027-142-4767,anne.phillips@yahoo.com
Pierre Loubser,034-527-8488,thulani57@cassim.web.za
Grant Mulder,+27(11)0584237,lbrown@gmail.com
Riaan Brink,017-831-5248,bsolomons@masilela.gov.za
Bradley Gerber,021 840 2003,vstewart@webmail.co.za
Eugene van der Linde,0574393801,deklerk.bulelwa@vodamail.co.za
Nick Bennett,0538759311,rdhlamini@webmail.co.za
Stefan Modiba,057 434 6141,leroux.contact@strauss.gov.za
Zanele Adams,044-667-8903,juan07@yahoo.com
Simone Human,+27322245565,ndasilva@govender.fs.school.za
Patience Solomons,+27123614994,moses.mabuza@yahoo.com
Andrew Nkabinde,0273879165,brandon.nene@butler.law.za
Lungile Nelson,0284701729,kagiso.wolmarans@webmail.co.za
Cheryl Mulaudzi,+27567245421,ashley02@mazibuko.wcape.school.za
Stephan Conradie,+27124743623,kabelo.baker@koekemoer.wcape.school.za
Joyce Shongwe,017 997 9064,dutoit.arthur@visser.co.za
Julia Malan,0446382854,elaine.mthethwa@hotmail.com
Palesa Turner,0288841582,motsepe.joyce@yahoo.com
Your Cronje,+27(56)2540884,matthews.nico@oberholzer.edu.za
nosipho Ngwenya,0363058509,andiswa33@greyling.ncape.school.za
Andries Mhlongo,058 395 2944,hlatshwayo.lisa@gmail.com
Phillip Baker,+27488133149,roger34@kleynhans.ncape.school.za
Nicolaas Adam,0574761764,adams.mashudu@gmail.com
Mary Tladi,+27(36)5445533,mmthembu@maluleke.ecape.school.za
Kabelo Scott,+27422998210,kleynhans.janine@gmail.com
Clifford van Deventer,+27511451974,rhenning@hotmail.com
Jacques Pretorius,031-678-7477,msibi.linda@vodamail.co.za
Tshegofatso Magagula,+27(24)7716253,abigail23@manamela.ecape.school.za
Nicholas Nxumalo,047-789-9440,refiloe.bennett@swart.agric.za
Wynand van der Walt,+27182034720,cecilia08@horn.co.za
Adriaan Evans,0442593465,ahmed.alberts@ntombela.co.za
Nicole Snyman,+27(34)7245936,brown.fatima@cilliers.ecape.school.za
Jeffrey Street,+27337638328,bruce50@fortuin.nw.school.za
Nicole Manamela,036-038-1004,kumalo.theresa@walters.law.za
Nomfundo Roux,036 778 7809,dmashigo@booysen.net.za
Louise Motloung,+27139345393,rachel.mncube@hughes.agric.za
Daniel Brand,+27577687042,zmajola@legodi.co.za
Karabo Venter,057-371-4268,janet53@hotmail.com
Julian Swartz,058-553-3228,harmse.marthinus@gmail.com
takalani Matlala,0234291739,radebe.aubrey@pietersen.ac.za
Dimakatso Malan,+27424150984,khosa.sipho@jansevanrensburg.kzn.school.za
Thapelo Mahomed,0453250017,bezuidenhout.jerome@gmail.com
Russell Nkosi,+27242357849,vosloo.stephanie@hotmail.com
Riaan Wood,+27548785253,martha.govender@shongwe.net.za
nonhlanhla Morris,053 684 8362,hshabangu@yahoo.com
yolandi Naicker,0323079777,unathi30@makhanya.ac.za
Yvette Gouws,+27338968671,vandyk.andre@vodamail.co.za
Ben Taljaard,+27351199713,thulani.erasmus@dladla.kzn.school.za
Kelebogile Lombard,0547867452,johannes.kelly@vodamail.co.za
Rudi Prinsloo,+27(48)5731123,kelebogile32@webmail.co.za
Ernest van den Heever,+27544515333,vanderberg.kagiso@scott.org.za
Sarah Nkuna,012-526-5949,megan67@jansen.wcape.school.za
Daniel Booysen,0447427938,johannes56@taljaard.co.za
Rene Bennett,+27575546427,zandile09@mkhize.web.za
Taryn Herbst,+27(32)7454248,shaun.stevens@naidu.com
Wynand Adam,044-110-8047,bester.irene@mitchell.ncape.school.za
To  Watson,036-782-7341,teboho69@mashinini.grondar.za
personal Van Den Berg,0133930099,nkosinathi.nkosi@hotmail.com
Yolandi Simpson,0173768070,bothma.emmanuel@vermaak.ncape.school.za
Gabriel Slabbert,049 820 4480,govender.lawrence@hotmail.com
Sean Potgieter,+27(28)4331024,shaun84@webmail.co.za
Jacobus Malatji,056-691-2492,dumisani.arendse@webmail.co.za
Emmanuel Govender,+27232687528,adrian54@webmail.co.za
Simon Vermaak,012-167-1809,barry.hughes@motaung.nw.school.za
Jeffrey Swanepoel,+27560212302,zuma.barry@yahoo.com
Frans Mazibuko,+27(32)1064781,ntshangase.daniel@yahoo.com
Andiswa Mtsweni,+27235298559,louw.heather@harrison.grondar.za
zandile Schmidt,057 519 1694,nel.thomas@yahoo.com
Richard Manamela,+27(56)6544048,dasilva.babalwa@fisher.lp.school.za
Andiswa Koekemoer,054-473-5446,riaan.mkhize@yahoo.com
Michael Naudé,0366312675,steven.mokwena@mbatha.web.za
Hannes Greyling,+27359969352,gventer@uys.ncape.school.za
Lisa Masilela,+27567864751,joe.james@yahoo.com
Henry Müller,028-156-1633,qjordaan@scheepers.mpm.za
bulelwa Skosana,+27(54)3631783,cooper.fatima@vermeulen.grondar.za
Ashley Du Preez,0334767947,green.thapelo@harmse.lp.school.za
Lungile Vilakazi,+27(41)9167187,judith.molefe@hotmail.com
Nozipho Maake,0413402808,gabriel.mohale@miller.lp.school.za
Craig Shabalala,057 303 9248,ismail.abraham@hotmail.com
Steve Strydom,+27235685224,william.vanzyl@munyai.gov.za
Beverley du Plessis,+27280610494,yvonne32@mahomed.co.za
Elizabeth Masemola,0137647044,evans.kagiso@gmail.com
Roxanne Phiri,016-885-8925,mudau.unathi@loubser.ecape.school.za
Monique Joubert,042 941 4335,colleen33@palmer.edu.za
Denise Langa,+27117954882,details.your@gmail.com
Sydney Pillay,027-189-6084,ehughes@gmail.com
Contact  Davis,+27346451378,susan60@webmail.co.za
Douglas Groenewald,034 913 6700,desiree63@maphumulo.ecape.school.za
John Arendse,041-246-1682,pienaar.gugu@gmail.com
nonhlanhla van der Westhuizen,+27(36)2707470,xharrison@vermaak.grondar.za
Teboho De Bruyn,036 911 4025,jthompson@vodamail.co.za
Riaan Barnes,+27562673200,nicola.kriel@webmail.co.za
karabo Taylor,+27(34)7416691,roger28@hotmail.com
Your Ahmed,045 452 5983,rvanderberg@letsoalo.ncape.school.za
Greg Neethling,+27363947575,jean22@webmail.co.za
Sam Moodley,+27(53)4979510,nkuna.thando@mostert.com
Debbie van Niekerk,+27176492484,patience.manamela@hotmail.com
Gideon Vilakazi,+27(35)9359011,ilawrence@webmail.co.za
Darren Van Schalkwyk,018-286-4759,takalani91@gmail.com
John Buys,+27(36)4957917,njordaan@hotmail.com
Judith Peter,+27358875545,johann.mathebula@nieuwoudt.com
Marlene Meyer,0450893859,itumeleng.hendricks@taljaard.wcape.school.za
Benjamin Benjamin,+27(56)7771850,masilela.grant@vodamail.co.za
Lynn van der Linde,0532689879,gabriel.baloyi@hotmail.com
Jabulani Masuku,042-051-4693,nicolaas75@webmail.co.za
Gert Motloung,+27(48)5869209,ismail.william@masemola.fs.school.za
Jeremy Hlongwane,0127624924,dineo10@yahoo.com
Karin Henning,032-358-9594,natasha.bell@details.ac.za
Thulani Maake,013-907-1480,pierre.coetzee@coetzer.law.za
Francis Peter,+27445024845,henry97@park.gov.za
Martha Hughes,035 192 9109,nicole07@arendse.nw.school.za
barend Sibisi,0543912948,siphokazi.dlamini@ngobeni.gp.school.za
Takalani Xaba,056-122-5066,chetty.next@gmail.com
Warren White,035 659 3490,julie.debruyn@mbatha.net.za
Andries Chetty,0230070625,gerrit52@greeff.org.za
Malcolm Shabangu,+27453130464,oberholzer.hannes@yahoo.com
Donald Maree,+27(33)7154589,kumar.tracey@dupreez.nom.za
Edward van Tonder,011-012-5500,kabelo29@botes.gov.za
Judith Bester,057-390-7853,karabo.radebe@hotmail.com
Peter Watson,027-543-0207,beukes.lucas@vodamail.co.za
Rob September,+27(51)8772243,shawn.brown@mpofu.agric.za
Barend Williams,+27131344944,pather.werner@yahoo.com
Victoria Buys,011-109-5599,mamabolo.thembi@magagula.co.za
Shaun Cilliers,+27567236357,justin.mchunu@mlangeni.lp.school.za
Kagiso Masango,+27311316149,hattingh.julia@gmail.com
Yvette Basson,043-155-8763,ntwala@engelbrecht.net
Busisiwe Move,047 737 0429,nicolene32@williams.fs.school.za
Alan Khoza,016 218 8853,ckhoza@moloto.ac.za
Musa Nxumalo,+27514453414,nkosi.cynthia@tladi.net.za
Daniel Mashele,0459800800,vanvuuren.gerald@yahoo.com
kelebogile Magagula,036 214 4046,mabunda.asanda@hotmail.com
Thulani Roos,+27131919220,janet.palmer@yahoo.com
Thando Cilliers,+27220731632,groenewald.zandile@oberholzer.nom.za
Warren De Wet,043 324 3771,wnzimande@yahoo.com
Mr.  Zwane,+27491801359,ronel02@webmail.co.za
Thembi Mnisi,+27(27)0104137,mohlala.nthabiseng@bennett.law.za
Cornelius Swanepoel,027 404 9893,albert05@motloung.org.za
Andrea Mtsweni,0272956638,maphumulo.elaine@mphahlele.ac.za
Nathan Khan,021 260 7687,cbooysen@vorster.grondar.za
Alexander Moosa,013-352-5599,mario.moloi@vanaswegen.co.za
karabo Pieterse,016 046 8148,sizwe.anthony@kekana.net
Adrian Sibanda,018-431-7456,personal34@gmail.com
Ronald Naidu,057-170-6194,engelbrecht.sifiso@debeer.law.za
Asanda Maluleke,027 583 6149,carel.potgieter@yahoo.com
David Zulu,035 464 5808,marthinus.vorster@motsepe.net
Contact  Muller,027-264-3694,vanderwesthuizen.vuyokazi@khanyile.nis.za
Nick Rautenbach,+27(23)1765533,jacobs.julie@yahoo.com
refiloe Mokoena,031 120 1511,yolandi.ngwenya@grobler.fs.school.za
Ursula Barnes,024-969-4653,taylor.jacobus@hotmail.com
Vanessa Kleynhans,+27(36)8236804,amokone@maleka.gov.za
Heather Hadebe,+27124100167,terence28@vodamail.co.za
Nosipho Lee,032-779-8798,priscilla81@davids.school.za
Andiswa Kunene,027-524-8484,thulani08@gmail.com
Mashudu Vermeulen,0473875465,robertson.sizwe@gmail.com
Maria Joseph,+27(18)6626388,ngema.david@vodamail.co.za
Craig Phillips,0570954784,gordon.vorster@vodamail.co.za
Kevin Johnson,+27(27)3065027,bphiri@nhlapo.ncape.school.za
Melanie Joubert,032 294 9932,chantelle60@gmail.com
Jeanette  Minnaar,0246111396,garth.moosa@simelane.co.za
sello Lee,034-937-0620,donald.move@patel.co.za
Nompumelelo van Niekerk,046 892 8974,lisa72@dewet.web.za
Musa Nel,0164005116,vletsoalo@nelson.gp.school.za
Hannes Petersen,0279939466,rwalters@yahoo.com
kagiso Mkhwanazi,0184819542,scheepers.mr@grobler.kzn.school.za
Thulani Buthelezi,+27229224765,dmabuza@makhanya.com
Dumisani Mathe,046-301-1926,debbie17@gmail.com
Mandisa Mudau,+27(36)9200241,kgrobler@mulder.com
Alan Khanyile,0362786041,yolandi23@yahoo.com
Craig Mouton,057 735 3286,auys@mostert.mil.za
Lorraine Neethling,0164619728,gwood@sibanda.nom.za
Roxanne Details,0246770647,fisher.maureen@hlongwane.wcape.school.za
Siphokazi Shongwe,043-204-1422,liezel57@mohamed.wcape.school.za
Thembi Maluleka,0455079004,lloyd.moosa@gmail.com
Monica Hlongwane,+27(16)3587004,exaba@goosen.net.za
Trevor Boshoff,024-121-9890,contact83@hotmail.com
Bongiwe Slabbert,033 438 0319,lorraine.vilakazi@yahoo.com
Morne Zwane,0410429898,yvonne02@gmail.com
Lerato Twala,035 068 9116,carstens.andre@wessels.nw.school.za
Nathan Govender,0427815134,nelson.johannes@vodamail.co.za
Philip Richards,+27(45)0554335,mandisa95@hotmail.com
Lloyd Stewart,+27549360037,qsibeko@vodamail.co.za
Victor Legodi,047 247 0069,rcronje@vodamail.co.za
Justin Schmidt,+27519339204,johanna85@duma.org.za
Veronica Zwane,0569368131,gmaphumulo@motloung.ncape.school.za
Vuyokazi Adam,041 165 6780,zgoosen@yahoo.com
Rudi Sibiya,0311857151,mlangeni.jennifer@vodamail.co.za
Gordon Majola,054 472 9773,nonhlanhla.kriel@yahoo.com
Nick Salie,+27(54)8790331,kjohnson@maphumulo.ac.za
Siyabonga Merwe,+27351816676,oshabalala@yahoo.com
Monique Nhlapo,+27(56)8688802,mashaba.candice@may.agric.za
Malcolm De Wet,054-259-7769,hgounden@buys.ncape.school.za
Raymond Motaung,0540007299,sipho00@yahoo.com
Anne Joubert,015 143 3771,scheepers.nomfundo@vodamail.co.za
Brent Maseko,011 479 2635,igreeff@devilliers.agric.za
Sean Sithole,0329696891,tnxumalo@vodamail.co.za
Frederick Mabuza,017-545-7188,naude.sibusiso@white.org.za
Danie Van Jaarsveld,+27277947433,nozipho34@jonker.web.za
Frank Pillay,+27(15)6353944,xallie@koen.co.za
Linda Mabena,034 428 3543,dumisani79@vodamail.co.za
Teboho Watson,014-138-5427,vmazibuko@vodamail.co.za
Alison Morgan,0531361927,christiaan08@yahoo.com
Celeste Butler,+27356838338,lombard.brent@claassen.ac.za
Nthabiseng Ferreira,+27(45)8601585,xmaharaj@gmail.com
Lebohang Mphahlele,032 473 0471,sntshangase@webmail.co.za
Nicola Pretorius,011 720 8000,hvisser@solomon.school.za
Ingrid Miller,033 605 0552,bernard.oosthuizen@lewis.net.za
Mandisa Greyling,0227670599,svisagie@louw.gp.school.za
Mark Jacobs,+27126774869,wright.nhlanhla@yahoo.com
Marius May,+27487095389,makhubela.gary@hotmail.com
Mashudu Naidoo,031-134-0140,debbie.twala@vodamail.co.za
Ruth Wright,027-439-5523,pearl15@hotmail.com
Themba Thwala,+27486299476,nonhlanhla37@clark.com
Jane van der Westhuizen,+27586596457,imsibi@jones.co.za
sibongile Padayachee,+27530738387,wilson.phumzile@hotmail.com
Bradley Mouton,+27282949358,makhanya.sifiso@vanzyl.co.za
Dennis Zwane,057-062-3489,lcilliers@webmail.co.za
Tumelo Bouwer,032-266-7237,ptaljaard@hugo.com
Fikile Chauke,014-185-4940,carla.ncube@debruyn.mil.za
Lee-ann Van Den Berg,0347448718,thando47@burger.com
Joe Mashinini,057 767 8891,fvanaswegen@motsepe.com
Gail Potgieter,+27(57)8526675,jacob.prinsloo@gmail.com
Jabulani Bosman,048 592 0903,teboho.green@gmail.com
Refiloe Sibisi,017-011-5333,hannes.ismail@yahoo.com
Chris Nene,+27(32)6273842,teboho34@hotmail.com
Zanele Street,018-550-1030,sliebenberg@vodamail.co.za
Lindiwe Du Plooy,+27488629279,nkomo.margaret@gmail.com
Angela Basson,+27(34)3899161,william47@yahoo.com
Eric Mofokeng,+27359002226,qconradie@hotmail.com
Shirley Manamela,0270073227,gminnaar@yahoo.com
Paul Schoeman,033-417-8233,conradie.terence@neethling.net
Moses De Bruyn,+27(54)5480470,deborah.mohlala@shabangu.org.za
Takalani Mthombeni,+27519683638,benjamin.vuyokazi@yahoo.com
Claudia Miya,028-953-6875,koekemoer.refiloe@mouton.gov.za
Christo Mchunu,0135621528,landerson@yahoo.com
Pearl Hall,057-548-4999,ursula79@vodamail.co.za
Tracy Adam,+27(57)3067500,fmkhize@moses.co.za
Ingrid Mashigo,0368798902,malinga.grant@smith.web.za
takalani Martin,+27450803680,jjordaan@vodamail.co.za
Jacqueline Davids,+27228541161,frank34@vodamail.co.za
Lebohang Nkosi,+27282067145,garth14@potgieter.co.za
Thandi Solomon,+27484842695,rene.truter@wentzel.co.za
Clint Roos,015-212-0880,pmeyer@gmail.com
Kenneth Tsotetsi,0358269907,refiloe.mamabolo@robinson.net
Marc Naudé,+27(11)7744129,desiree.mathe@webmail.co.za
Fikile Reddy,+27154223031,madlala.martha@vodamail.co.za
Joseph Lourens,0350157621,thapelo90@zwane.net
thulani Masango,012-512-2384,deon.maluleka@nelson.net
André Scott,054-301-1794,adele50@williams.net
Etienne Nortje,+27(34)4997075,ngobeni.innocent@maluleka.nom.za
Belinda Parker,+27165603347,fschoeman@webmail.co.za
Nonkululeko Thompson,+27(35)5830359,mlambo.tumelo@kekana.gov.za
Steven Moagi,+27132125457,irene22@morris.school.za
Johannes Lombard,+27182291029,fiona48@hotmail.com
Sarah Kok,+27(32)4551770,unathi42@swanepoel.co.za
Belinda Gumede,016 639 8858,angela.jackson@webmail.co.za
Ian Mokoena,0491310317,thulani06@may.lp.school.za
Donovan Skosana,047 574 4254,cstander@morgan.grondar.za
phumzile Langa,0492340509,bongiwe.ndaba@slabbert.lp.school.za
Zandile Kotze,0288653347,jngcobo@yahoo.com
Ntokozo Potgieter,0424377230,lucky.dube@nell.grondar.za
nicolaas George,056 207 6506,shaun40@padayachee.org.za
Gugulethu Opperman,0353835550,judith.madlala@abrahams.ncape.school.za
Elizabeth Koekemoer,034-362-3873,khuzwayo.sifiso@fisher.mil.za
Jacob Nhlapo,0278078968,kabelo88@duma.co.za
Nadia Mathebula,+27(46)4249856,simphiwe.bothma@sibeko.kzn.school.za
Zanele Fortuin,013 013 0212,rzondo@gmail.com
Takalani van der Walt,035-588-8453,jabulani51@hotmail.com
Precious Anthony,+27117820486,thabang.mdluli@hotmail.com
Lindiwe Moyo,058-050-1861,willem48@vodamail.co.za
Nonhlanhla Smit,+27(33)0514854,julie25@bell.law.za
Cornelius Prinsloo,+27(32)1261309,anthony.charles@greeff.co.za
Adele Walters,+27(45)1595733,personal.moagi@snyman.grondar.za
Carol Maleka,057-231-1007,umohale@yahoo.com
Debbie Evans,017-878-2968,takalani.scholtz@webmail.co.za
Zama Mbele,0182330487,karin.claassen@hotmail.com
Charlene Mokone,0364889331,sean40@lombard.nis.za
Raymond Mhlanga,+27(46)2311643,heather.vandenheever@hill.nis.za
Precious Ncube,016 397 3785,kelebogile48@kotze.nw.school.za
Bradley da Silva,045-468-3206,hannes.wood@hotmail.com
Theresa Khosa,027 860 1137,justin94@webmail.co.za
Peter Kok,041 683 6421,qledwaba@gmail.com
Nthabiseng Buthelezi,018-347-3272,mduma@hotmail.com
Anthea Fortuin,+27(21)6857666,sello.joubert@vanjaarsveld.kzn.school.za
Eugene Enslin,049 192 7073,gregory22@move.com
Gabriel Street,+27(47)7319976,christopher.move@cloete.agric.za
Lesego Mouton,036-159-0701,wessels.teboho@hotmail.com
Heinrich Beukes,0142172265,norman.zwane@modise.gp.school.za
Nigel September,035-992-1084,bouwer.xolani@cassim.ncape.school.za
Busisiwe Moloi,0354339459,daniel.uys@slabbert.net.za
Susan Enslin,0137012087,desiree.hugo@yahoo.com
Stefan Basson,043 054 5989,jacob22@ngwenya.co.za
Miss Van Aswegen,027 639 7122,mmtsweni@hotmail.com
Nkosinathi Zungu,+27343738826,thembi.morris@henning.wcape.school.za
Christina Naicker,+27(35)1066756,carmen.cele@webmail.co.za
Itumeleng Van Dyk,049-087-6396,thandeka93@rautenbach.ncape.school.za
Theo Mitchell,+27(58)3622429,zdeklerk@hotmail.com
Jacqueline Khuzwayo,0275792854,steve09@vodamail.co.za
Sizwe De Bruin,057-856-7771,charlene.taylor@webmail.co.za
Boitumelo Alberts,+27563520762,tracey02@terblanche.ncape.school.za
Mashudu Masango,+27(46)3261327,barbara10@kekana.web.za
Sello Le Roux,+27151612619,yrautenbach@yahoo.com
Thembi Manamela,057 040 3461,ibadenhorst@vodamail.co.za
Gabriel Matthews,+27569441940,douglas98@naude.com
Natalie Kleynhans,028-484-6935,julia.mchunu@yahoo.com
Graham Kelly,012 146 2088,mkotze@vodamail.co.za
Mandla Bailey,054-026-6981,groenewald.thabiso@yahoo.com
Vuyokazi Zungu,041 951 8120,petrus.mofokeng@sibiya.nis.za
Kabelo Molepo,+27(32)8454549,frank22@hotmail.com
Francois Visser,015-801-2069,wmaluleke@hotmail.com
Bongiwe de Beer,0167986673,qtheron@bouwer.grondar.za
Patricia Mudau,+27(49)9134216,mulaudzi.helen@hotmail.com
Martha Daniels,+27212716877,richards.megan@wright.gp.school.za
Tasneem King,+27510763896,fourie.thandi@sibiya.fs.school.za
Tracy Neethling,+27351438727,lindiwe.kemp@mdluli.kzn.school.za
Trevor Van Schalkwyk,+27(42)4768966,desmond88@davies.lp.school.za
Sello Salie,042 518 9180,tdelport@jones.net
Isaac Xaba,0517671454,rebecca24@stewart.co.za
nonhlanhla Mathe,028-602-3197,dupreez.vernon@gmail.com
Teboho Motsepe,046-898-2452,omotloung@gmail.com
Michelle Roux,018 113 4657,cynthia84@yahoo.com
Cheryl Moloi,015-427-1354,andile.fredericks@gmail.com
Heather Miller,028 595 6103,mandla.mkhize@vodamail.co.za
Eric Xaba,0513285983,next.deklerk@yahoo.com
Grant Scholtz,+27(14)2129903,babalwa.nel@gmail.com
Derek Stander,015 246 6254,hnieuwoudt@webmail.co.za
Maureen Maphumulo,0575290613,slabbert.sizwe@gmail.com
Chantel Maseko,049 121 1919,takalani.vilakazi@yahoo.com
Julia Scott,+27421585722,fvandenheever@brits.org.za
James Phiri,012-991-0599,shezi.pearl@park.nom.za
Unathi Ally,047-713-4243,carel.simelane@hanekom.law.za
Charles Letsoalo,0155282377,janet.martin@gmail.com
Fiona Mathebula,+27(34)9045726,taylor.anthony@yahoo.com
Benjamin Evans,044-486-6927,theresa92@yahoo.com
Johannes September,036-780-5709,omsibi@mazibuko.mil.za
Phumzile Nortje,0545571310,zwane.beverley@ndhlovu.ac.za
Nosipho Banda,+27515541325,pdasilva@ngwenya.lp.school.za
Nhlanhla Lombard,+27(34)3950809,loubser.jabulani@khanyile.lp.school.za
Marius Africa,0158159658,qcassim@mathe.nis.za
Albert Tsotetsi,043-181-6955,ychetty@yahoo.com
Bongani Mokoena,057 177 6278,musa.reddy@perumal.law.za
Megan Viljoen,+27(54)8140599,singh.natasha@gmail.com
Henry White,+27(58)9942525,mokoena.alexander@naicker.ecape.school.za
Tshepo Ngubane,016-239-3755,susan53@yahoo.com
vusi Lewis,+27(57)3347907,gabriel45@mngomezulu.law.za
Ingrid Mokone,+27(28)8358423,duduzile87@hotmail.com
Taryn Taylor,+27493470645,hkhanyile@gordon.nis.za
Dirk Kleynhans,0322627708,arendse.nicola@vodamail.co.za
babalwa Alberts,051-273-4093,alexander.fisher@peters.ac.za
Mbali Lewis,0427512308,willie.vaneeden@vodamail.co.za
David Baker,+27282063483,wmasilela@vodamail.co.za
Personal Lawrence,027-971-5828,prinsloo.edward@webmail.co.za
Personal Maleka,+27(11)5701375,smarais@gmail.com
Yolandi Geldenhuys,+27549046164,qwalters@martin.kzn.school.za
Precious Scholtz,+27(16)9686947,anita.ncube@mdluli.ncape.school.za
Ahmed Rikhotso,+27532629253,thando.murray@vantonder.com
thembi Moore,014 333 1982,wmoonsamy@martin.mil.za
Thomas Letsoalo,+27458820301,kim10@webmail.co.za
Kelly Mpofu,0318028873,andiswa.vanheerden@vodamail.co.za
Ernest Buys,016 724 8676,carl.ndaba@ledwaba.ncape.school.za
Candice Butler,027 972 8198,melanie35@nyathi.ac.za
Kelly Malatji,0274349322,nel.victor@vodamail.co.za
Zelda Molepo,0271465720,lerato.chetty@vodamail.co.za
Jane Hanekom,0326550598,barbara01@smit.ncape.school.za
Simphiwe Matthews,032 946 3515,sgeldenhuys@yahoo.com
Hendrik George,+27563134145,prince.engelbrecht@mlangeni.org.za
nicolaas Gouws,+27(12)0425982,refiloe15@hotmail.com
barend September,0157631651,motloung.barend@yahoo.com
Andiswa Solomons,+27228951311,murray.thulani@vanderwesthuizen.co.za
Marthinus Solomon,011 289 1405,martin.christiaan@botha.mpm.za
Sean Herbst,+27272634201,anita.pule@singh.ac.za
Morné Ross,0587307487,zvanheerden@hlongwane.ecape.school.za
Nhlanhla Ferreira,042-124-6526,amanda24@hotmail.com
Karabo Cooper,0568885153,jacobus14@vodamail.co.za
Karin Nkabinde,013 143 8593,svandenheever@ntuli.co.za
René Smit,0314889655,mtshali.vincent@yahoo.com
Shannon Beukes,048 711 6869,visagie.jacobus@harmse.nom.za
Christine Letsoalo,+27283215734,adrian29@masemola.web.za
Desiree Mokoena,028 424 7110,vjansevanrensburg@hlophe.ncape.school.za
Your Bekker,+27247830786,kelly36@yahoo.com
Thembi Zuma,+27181585778,qcassim@webmail.co.za
Zanele Marais,048-121-9409,jan50@sibeko.law.za
Morne Ndlovu,057 311 0635,gerrit26@vodamail.co.za
Boitumelo Jacobs,+27444148476,refiloe43@yahoo.com
Mashudu Xulu,+27(12)3437473,lizelle.badenhorst@fredericks.grondar.za
Andile Greyling,022 341 2646,scholtz.irene@bothma.nw.school.za
unathi Anthony,0413706123,andries05@vodamail.co.za
Frank Malinga,015-064-6039,aandrews@vodamail.co.za
Kevin Legodi,013 296 7187,slottering@snyman.law.za
Sean Hugo,0174538069,buthelezi.nosipho@vodamail.co.za
Nkululeko Duma,041-781-3672,vross@ngema.gp.school.za
Lee-ann Goosen,+27573708898,cahmed@hotmail.com
Ahmed van Niekerk,057-834-0655,anita49@vodamail.co.za
Jacqueline Mokone,017-481-4052,kagiso.moagi@hlophe.ncape.school.za
Jeremy Gouws,+27(47)1085133,qndou@yahoo.com
Faith Khoza,053 886 4595,barry.cronje@webmail.co.za
Julian Mathe,0316731822,heinrich.kemp@vodamail.co.za
Refilwe Vermeulen,035 233 6992,qzungu@naicker.gp.school.za
Clint Street,+27(58)3297966,chantelle57@yahoo.com
Melanie Le Roux,+27(35)6296938,rslabbert@gmail.com
Bongiwe Mngomezulu,042-401-1308,dhlamini.jeanette@mohale.net
karabo Mbatha,0490227187,nslabbert@yahoo.com
yolandi Phiri,051 522 3496,personal24@vanrensburg.agric.za
Anita Kruger,034 364 5356,pwessels@vodamail.co.za
Claire Alberts,+27282503006,theo.nene@webmail.co.za
thandi Mabena,0289157718,chantel.zwane@yahoo.com
Nicolette Liebenberg,0364645192,leroux.claudia@myburgh.nw.school.za
Michelle Moosa,+27(49)0423059,zondo.teboho@morgan.edu.za
Jonathan Robertson,+27441765686,celeste81@mogale.co.za
Contact  Geldenhuys,+27148873368,grant.mtshali@majola.net
Phillip Mavuso,0326925602,oliver.simone@turner.fs.school.za
Jacques Zondi,044-129-1813,smit.personal@gmail.com
Nadia Opperman,054 174 0285,zuys@cilliers.nis.za
Innocent Chauke,+27(58)4721140,isaacs.karin@banda.grondar.za
Anna Ismail,0281030673,bekker.sam@solomon.ncape.school.za
Karabo Marais,032 138 4909,fwillemse@vodamail.co.za
Gary Naidu,058 942 1783,nortje.sydney@msibi.lp.school.za
Zelda King,+27330270209,lmoloto@vanrensburg.nom.za
Ronald Collins,041 676 7933,kevin.white@stewart.law.za
Johanna van den Heever,0114830470,rodney54@vodamail.co.za
Charl Maseko,+27(57)3003577,shannon38@hotmail.com
Aubrey Bezuidenhout,028-637-4007,radebe.linda@webmail.co.za
Norman Mavuso,+27358627651,mduduzi71@vodamail.co.za
Francis Nelson,+27(22)0483553,cjooste@jonker.ecape.school.za
Aubrey Neethling,047-129-9153,ckriel@ndaba.net
Themba Gumede,032-653-3224,james.gordon@hotmail.com
zandile Buthelezi,+27(32)3551947,alex.radebe@hotmail.com
thembi Moodley,0440811414,claudia35@khosa.com
Busisiwe Smith,+27(45)7297970,zandile.govender@burger.gov.za
Conrad Buthelezi,+27(51)8342498,vernon06@hotmail.com
Vuyokazi Cilliers,+27(53)1786449,clarke.jackie@yahoo.com
Bulelwa Greyling,0311067804,lgouws@webmail.co.za
Chantelle Barnes,+27(51)4069262,teboho16@gmail.com
Keith Ndlovu,0410689406,uys.belinda@anthony.school.za
Juan Solomons,024 356 7868,cooper.mogamat@gmail.com
Malcolm Kemp,0210692795,ivanrensburg@vodamail.co.za
Sipho Greeff,0569878928,marthinus.mathe@theron.net
Colleen Ebrahim,057 587 2004,jansen.sharon@terblanche.gov.za
Kyle Visagie,024 054 1344,wengelbrecht@gmail.com
Christian Müller,048 394 7129,tsotetsi.cindy@webmail.co.za
Daniel Dlamini,+27354802639,ebotha@webmail.co.za
thandeka Masango,0490779539,xaba.jacques@mngomezulu.gp.school.za
Candice Adams,034-340-0254,vbritz@louw.co.za
Elaine Kemp,049 242 3936,makhubela.bulelwa@muller.org.za
Christopher Britz,0246273909,nonhlanhla78@viljoen.nis.za
Thandi Zwane,+27222235552,ageldenhuys@gmail.com
Barry Buys,+27137479754,tracey62@chauke.nw.school.za
Robyn Oberholzer,013 160 7403,lerato.solomon@yahoo.com
Celeste Botes,036 651 5179,baloyi.mohammed@vodamail.co.za
Johan Jooste,+27538001893,pnkabinde@zondi.agric.za
Carel Hugo,+27584501007,rodney21@richards.nis.za
Robin Nkosi,+27321900466,dimakatso72@gmail.com
Ingrid Nieuwoudt,0138130540,thandeka.chauke@mncube.mil.za
Donald Swart,+27542617405,fikile.moosa@human.co.za
Kabelo Khan,035-438-2517,anne98@hotmail.com
Sandra Mlambo,033-097-5885,nompumelelo49@gmail.com
Zama De Jager,0316136765,msomi.jacobus@jansen.nis.za
Nhlanhla Bennett,033 744 0456,linda95@yahoo.com
Nkosinathi Ledwaba,058 122 2018,xvandeventer@sithole.grondar.za
Lucas  Davis,+27(13)5413714,boitumelo.scott@gmail.com
Heinrich Abrahams,+27531330487,okotze@gmail.com
Peter Details,+27278900044,juanita.george@abrahams.ecape.school.za
Sharon Opperman,+27484108687,grant.ngobeni@wentzel.org.za
Chantelle Pillay,+27(36)8536906,bmolefe@webmail.co.za
Roy Perumal,0161898392,gail96@jooste.kzn.school.za
Contact  Kemp,+27(42)0048846,iseptember@mphahlele.co.za
Patrick Visser,0488551643,jacobus.scott@jordaan.edu.za
George Alberts,0353917303,zanele74@green.grondar.za
nonkululeko Anderson,0279364412,cilliers.innocent@koen.mpm.za
Helen Sibeko,047-881-7556,nonhlanhla.swartz@nene.gp.school.za
Prudence Marshall,0234956177,fndhlovu@jansevanrensburg.fs.school.za
Graham van der Walt,036 161 2061,kmohamed@williams.nom.za
Wesley Mashaba,016-268-1595,nicolene37@petersen.ac.za
Claire Fourie,0317570584,vincent.vanniekerk@hotmail.com
Prudence Schmidt,034-629-7169,zanele21@gmail.com
Desmond Manuel,+27216592409,ally.to@john.wcape.school.za
sibongile Jansen van Rensburg,036-123-7705,george.your@edwards.org.za
Tony Marx,054-145-3509,hmajola@dlamini.com
Tracey Vermaak,053-203-1054,moosa.willie@jooste.gp.school.za
Dean Venter,+27(53)1519140,jacobus.bezuidenhout@vodamail.co.za
Gert Strauss,023 715 6265,kabelo05@maluleke.com
takalani Brand,0539771752,vusi68@vandyk.com
Yolanda Müller,+27564493401,lkhosa@webmail.co.za
Thato Mathe,+27122345343,itumeleng.white@lawrence.co.za
Ricardo Ngwenya,+27(57)1104135,msomi.angelique@gmail.com
Yvonne Adam,+27577678405,anton21@yahoo.com
Mandisa Odendaal,0486715667,vandenheever.taryn@willemse.net.za
Kelebogile Kelly,018-734-7031,deborah.deklerk@greeff.grondar.za
tumelo Zwane,+27(54)3321023,chauke.michelle@gmail.com
Debbie Mtsweni,+27(12)9067146,julia60@roos.co.za
Neo Marshall,+27(36)7403518,kobus.horn@vodamail.co.za
Monique Xaba,054-251-6780,ally.kenneth@greeff.nw.school.za
Jessica De Villiers,+27322809901,phillip51@mkhize.kzn.school.za
Natalie Greeff,024 274 4550,nonhlanhla53@hattingh.lp.school.za
Gabriel Botes,0317226930,barry.mphahlele@vodamail.co.za
Katlego Move,032-172-9252,strauss.steve@vodamail.co.za
René Joseph,015 325 2868,nigel00@vodamail.co.za
Lesego Neethling,035 045 5476,vandeventer.julia@gmail.com
Kelly Xulu,054-967-2560,bongiwe01@andrews.com
Patience Thompson,+27(36)7050454,pieterse.arnold@gmail.com
Ruth Ngobeni,028-631-8892,gordon.phindile@gmail.com
Neil Visagie,+27(36)0182789,lynette18@gmail.com
Carla Munyai,+27(16)6544664,bmulaudzi@hotmail.com
barend Du Preez,054 264 9790,labuschagne.refiloe@vodamail.co.za
Kelebogile Davids,0235301746,frederick.human@bekker.nom.za
Nkosinathi Manuel,043 862 4024,raymond.phiri@yahoo.com
Precious Blignaut,043-030-8845,schmidt.marthinus@hotmail.com
Ronel Patel,036-067-2718,mngomezulu.megan@hotmail.com
Yusuf Adonis,+27483586007,estelle13@webmail.co.za
Warren Le Roux,0565080415,hanekom.stephen@yahoo.com
Marc Daniels,016-054-4660,simone86@davies.gp.school.za
Mashudu Mbatha,046-592-9402,kshabalala@yahoo.com
Tumelo Kruger,022-394-8172,next61@yahoo.com
Teboho Zuma,+27(58)9784375,shongwe.vuyokazi@nhlapo.com
Brenda Van Dyk,0225267198,agovender@louw.gov.za
Simon Willemse,+27131669596,anaude@vodamail.co.za
Martin Manamela,0241598076,xulu.vuyokazi@gumede.mil.za
Thandi Smit,+27217329350,rene.zondi@herbst.com
bulelwa Patel,056 823 4179,robyn.pietersen@gmail.com
Mohamed Hoffman,048 245 9276,wledwaba@webmail.co.za
Rodney Swartz,0456167962,kubheka.your@steenkamp.org.za
Anna Thwala,+27123833129,naidu.charlene@gmail.com
James Green,015-114-4362,fiona49@yahoo.com
Nicole Maharaj,0130094701,gillian01@thomas.web.za
Richard Robinson,045-952-0754,next.willemse@vodamail.co.za
Dean Kelly,0427595852,ruth.mabena@vodamail.co.za
Nompumelelo Lombard,+27(28)3728688,asanda21@gmail.com
Colin Arendse,047 816 9355,jonathan18@nene.web.za
Michelle Mbatha,057-796-9474,hbotha@mazibuko.grondar.za
Gugu Ntshangase,033-952-8705,brenda.botes@yahoo.com
Innocent Dlamini,+27(28)6078877,vchauke@campbell.ac.za
André Nkomo,+27113334573,nosipho.kumalo@viljoen.mil.za
Richard Davis,+27161824318,moses14@webmail.co.za
Yolandi Shabangu,022-294-5553,liebenberg.frank@gmail.com
Liezel Van Rensburg,044 476 4391,petersen.sonja@webmail.co.za
Megan Solomons,+27(46)0151826,jeremy.ntombela@vodamail.co.za
Fikile Barnes,+27573022220,coetzer.gregory@vodamail.co.za
Christian Miller,+27(43)7169502,james.carmen@malatji.mil.za
Jacques Johnson,+27273457576,lottering.personal@hotmail.com
Johannes Bosman,044 542 7209,stander.yvonne@gmail.com
Fikile Groenewald,+27345097786,kumalo.next@gmail.com
Melanie Green,024-754-4673,ypaul@vermeulen.nis.za
Samantha Marshall,028-951-7902,kuys@hotmail.com
Steve Motaung,058 596 4701,lucky.cassim@vodamail.co.za
Mr.  Stewart,056-151-3014,thato.mthethwa@mashego.ecape.school.za
Nomsa Cronje,+27339287466,wchetty@webmail.co.za
Wynand Ngubane,+27160770064,tanya38@hotmail.com
Nompumelelo Park,0124982750,kabelo.hlatshwayo@vanjaarsveld.co.za
Chantelle Maluleke,+27541863718,thato48@mbatha.net
Steve Kleynhans,033 747 5834,dave76@laubscher.lp.school.za
Judith Molepo,+27491606459,wesley.carstens@yahoo.com
Dean Pretorius,014 595 8281,baker.francois@webmail.co.za
Nomfundo Fredericks,046 772 9993,vernon20@mphahlele.mil.za
Tshegofatso Matthews,+27(18)7629651,hvanderberg@vodamail.co.za
George Evans,028 298 1841,charles00@bester.co.za
Jackie Mthembu,+27585242017,bmthembu@mokoena.web.za
Melissa Davis,0235664819,hugo.cheryl@strauss.net.za
Jacqueline Swart,+27(49)0168479,busisiwe57@groenewald.lp.school.za
next Allie,0222831499,qngubane@maharaj.edu.za
nompumelelo Mnguni,+27(27)9538699,cronje.jackie@gmail.com
Bernard Conradie,0282776076,sibongile35@gmail.com
Lebohang Botes,+27444205387,marx.claudia@kumar.law.za
Fatima Conradie,051-033-4500,maree.palesa@hadebe.gov.za
Gareth Malinga,054-274-6590,jeanette81@delange.law.za
Kyle Viljoen,023-161-2589,pmaharaj@hotmail.com
Robin Majola,0420512191,jonker.yolanda@gmail.com
Gugulethu Louw,011 693 8026,tshepo.robertson@badenhorst.grondar.za
next Mokoena,036-139-6227,kpule@hotmail.com
Desiree Shongwe,+27(45)9070863,clive54@webmail.co.za
Gugu Details,+27(31)7006242,hduma@gumede.nw.school.za
Daniel Petersen,+27286247400,sandra.hughes@hotmail.com
Mandy Lawrence,+27544557138,nick05@webmail.co.za
Ryan Dlamini,+27(45)0247490,olivia.hattingh@reddy.lp.school.za
Nomfundo Morgan,018 805 7132,thembi34@yahoo.com
Barry Khoza,+27474658065,lydia63@vanderwesthuizen.ecape.school.za
Francis Pretorius,+27(44)1139361,vuyokazi66@webmail.co.za
Theresa Vorster,+27(17)0462080,siyabonga63@harmse.com
Charmaine Kubheka,018-875-2989,brent.harmse@yahoo.com
Zama Mnguni,0542021450,moloi.vuyokazi@tsotetsi.mil.za
Sibongile Nxumalo,+27(11)8644560,lottering.kabelo@lottering.gp.school.za
andries Nieuwoudt,014 410 4805,fterblanche@fredericks.ecape.school.za
Jacqueline Nkomo,022-938-6051,gail.evans@basson.net.za
Claire Khan,+27455621002,imashigo@yahoo.com
Warren Nxumalo,0572960992,ricardo.phillips@webmail.co.za
Sydney Murray,+27465767889,radebe.takalani@mohale.gp.school.za
Sarah Madonsela,+27111857056,lesego.marais@vodamail.co.za
Contact  du Plessis,042-657-4889,vilakazi.terence@yahoo.com
Roy Erasmus,0174431313,nicolaas.moosa@wolmarans.co.za
Joseph Mokwena,035-942-6102,chris55@yahoo.com
Tsholofelo Mathebula,035-508-0321,qcampbell@nelson.school.za
Julia Wolmarans,+27(28)3176153,hendrik.mohlala@hotmail.com
Andries Park,058-555-8938,mkhwanazi.craig@smith.net
Bradley van Staden,+27(42)0535367,mark86@davies.ecape.school.za
thembi Abrahams,+27(33)7731801,miya.kim@hotmail.com
Alan Burger,+27176373057,gmokwena@vodamail.co.za
Tanya Mazibuko,027-199-3584,martha05@tshabalala.co.za
René Shongwe,046 404 3542,vnel@vodamail.co.za
Nozipho Malinga,044-371-1234,ftaljaard@roux.co.za
Bulelwa Lewis,049 744 3054,qbuthelezi@dhlamini.nom.za
Andiswa Olivier,+27(14)2678676,lee.swartz@coetzee.mpm.za
Dave Hill,0322085589,nmaphumulo@webmail.co.za
Nick Pretorius,056 088 7085,dlamini.jenny@mthombeni.web.za
Contact  Naudé,0148995441,llouw@hotmail.com
Mike Shongwe,+27352974726,gail97@webmail.co.za
Thandeka Molepo,042 206 0776,allan.nyathi@hill.kzn.school.za
Eugene Van Den Berg,+27(49)3893162,unkabinde@hotmail.com
Ruth Bezuidenhout,033 695 1440,carol.masango@webmail.co.za
Denise Kumalo,+27(34)4955543,osibeko@hotmail.com
Nozipho Fourie,0328208121,rodney61@webmail.co.za
Hennie Bouwer,+27358602866,nallie@madlala.co.za
Elaine Tladi,+27356041420,zyoung@gmail.com
Bruce Ndaba,+27(57)3381532,neil80@mngomezulu.fs.school.za
Mandla Thompson,035 566 7299,roberts.nozipho@oliver.co.za
Sandile Ebrahim,028 582 6396,ekumalo@gmail.com
Vuyokazi Cupido,024 322 2839,vuyokazi91@collins.co.za
Greg Street,+27(42)3571669,malatji.karin@khosa.net
Unathi Louw,0179991975,gillian73@dutoit.co.za
Mandisa Britz,0171261719,nonhlanhla.mazibuko@gmail.com
Morné Meyer,+27(35)4650615,monique.moses@mkhabela.mil.za
Prudence Nkomo,0495965680,louise.vanvuuren@davies.mil.za
Gavin Mabena,+27478060774,xwalters@evans.gp.school.za
Vernon Bosman,027 211 9488,alberts.charles@ngcobo.net.za
André Mokwena,0317686513,uliebenberg@king.lp.school.za
Zama Hlongwane,0431154474,btaylor@strauss.com
Francis Taylor,053-830-6578,liezel.vosloo@hotmail.com
Carmen Andrews,0151269660,thando.moloi@vodamail.co.za
nkosinathi Hattingh,015-083-0019,henning.liezel@nxumalo.com
Christo Skosana,044-732-4902,precious.anderson@mitchell.co.za
Dirk Watson,021-323-7563,bosman.ivan@webmail.co.za
Barbara Khanyile,023-776-7240,venter.sello@vosloo.web.za
Liezel Fisher,+27(57)1977986,richard14@vodamail.co.za
Jan Ntshangase,0432838280,doosthuizen@vanzyl.com
Jabulani Van Jaarsveld,048 552 8093,mpofu.zanele@gmail.com
Nicholas Hlongwane,046 141 9592,siphokazi.matlala@vodamail.co.za
Thulani Van Den Berg,+27572039895,prudence.moore@wentzel.nom.za
Thapelo Cloete,028 003 8687,barend.herbst@hotmail.com
Amanda Peter,011-622-9111,sydney32@gmail.com
Andrew Nelson,057-211-7424,basson.phillip@gmail.com
Alfred Mhlongo,+27498055206,park.taryn@roberts.edu.za
nicolaas Nieuwoudt,051-442-8807,karen02@taljaard.ecape.school.za
Johan Morgan,+27(13)1056026,lombard.albert@yahoo.com
Nadia John,+27365041186,nkabinde.simone@gmail.com
Lesego Buys,+27332494703,tasneem98@webmail.co.za
Sipho White,+27(45)9556824,phumzile01@nyathi.grondar.za
Frans Kok,0318487840,lesley.mthombeni@david.fs.school.za
Wynand Van Aswegen,+27113614202,emabena@vanderlinde.grondar.za
mashudu Pather,+27350001662,rkhan@yahoo.com
mashudu Bezuidenhout,+27(27)3604483,andries.pietersen@webmail.co.za
Anne Cassim,017-153-0341,clive.harmse@willemse.kzn.school.za
Daniel Roux,049 550 4872,fvorster@swart.grondar.za
Pearl Hill,+27574955583,ghlophe@webmail.co.za
Tshegofatso Van Dyk,035-262-2037,duduzile82@hotmail.com
Nonkululeko Kotze,+27(35)6476053,kagiso18@parker.lp.school.za
Natalie Ndaba,+27366004291,johanna.basson@adonis.co.za
Jacqueline Evans,036-280-4361,refiloe22@yahoo.com
Bulelwa Beukes,+27(57)6719496,xkunene@vodamail.co.za
Jennifer Richards,054 532 5934,zondi.taryn@vodamail.co.za
Rudi Mabaso,+27326757798,oliver.mpho@booysen.grondar.za
Sydney Kumar,028-045-3105,kagiso45@gmail.com
Christiaan Rikhotso,031-844-2620,maria.baker@ally.ecape.school.za
Anna Muller,+27(21)0082180,busisiwe52@vodamail.co.za
Nkosinathi Makhanya,022 501 7089,yslabbert@grobbelaar.nis.za
Cindy Mnisi,+27(53)0929754,theresa70@hotmail.com
Trevor Cele,+27(24)7625992,khanyile.thembi@gmail.com
Joe Tladi,+27460103955,cecilia76@yahoo.com
Sydney Botes,+27(47)8340695,cmadlala@hadebe.agric.za
thembi Tladi,+27325911402,pjackson@blignaut.mpm.za
Eugene Mkhize,+27126344579,david14@hotmail.com
Lerato Enslin,0475034356,gerhard49@gmail.com
Godfrey Mnguni,+27(22)2868581,christian.vanderberg@dupreez.net.za
Willie du Toit,+27353192746,itumeleng.chauke@allie.ecape.school.za
Siphokazi De Villiers,+27(45)4343655,sydney93@yahoo.com
Unathi Mashinini,016 943 6888,victor.vanderberg@webmail.co.za
Gerald Salie,014 908 5576,martin.alexander@webmail.co.za
Simon Watson,036-994-3613,pmay@yahoo.com
Tanya Tladi,048-236-8642,dburger@masemola.co.za
Bongiwe Van Heerden,+27(44)0401937,botha.nozipho@banda.wcape.school.za
Johan Radebe,027 063 3172,jane30@matthews.ecape.school.za
Johann Mashele,+27(22)8245594,marc.maluleka@yahoo.com
Hannes Mhlanga,0454463149,andries25@anthony.nom.za
Graham Khosa,049 214 7343,michelle.twala@naidu.ncape.school.za
Kagiso Bosch,+27(43)6077219,kobus.baker@yahoo.com
Mohammed Pather,+27112259032,qmoses@malinga.nis.za
Takalani Harmse,054 747 5144,jennifer.king@vandeventer.ecape.school.za
Nadine Odendaal,+27324694978,sibongile.hendricks@vanderwesthuizen.com
Jeanette  Motloung,+27447444364,sandile.wentzel@webmail.co.za
Norman White,022 551 0351,bronwyn.duplooy@vodamail.co.za
Thandi Du Preez,011 399 8784,oliver.thandeka@hotmail.com
Hendrik Jordaan,0237337551,vosloo.mike@vodamail.co.za
Your Johnson,+27426715043,mandisa35@joseph.mil.za
Gugulethu Shabalala,056-513-8030,langa.sifiso@manuel.wcape.school.za
Lebogang Nkosi,0548268807,nosipho.dhlamini@phillips.mpm.za
Roxanne Moloto,+27(42)2812967,simphiwe82@vodamail.co.za
Lesley Masango,036-824-8763,charlotte.harmse@webmail.co.za
Daniel De Jager,+27123139231,jansenvanvuuren.tanya@tshabalala.co.za
Charlotte Vorster,021-460-4895,hill.kabelo@vodamail.co.za
Lawrence Xaba,+27334865458,mofokeng.stanley@yahoo.com
Bianca Mncube,054 457 1190,khoza.cynthia@yahoo.com
nonhlanhla Shongwe,041 814 9441,lindiwe.vanwyk@gmail.com
Lebohang Moloto,012 930 3142,ingwenya@gmail.com
sifiso Mashinini,+27(35)3098860,peter83@neethling.com
Danielle Matthews,028-030-1483,nzimande.raymond@francis.net.za
Ursula Buthelezi,0473476070,bernard28@yahoo.com
Lindiwe Lawrence,0131579086,christine94@yahoo.com
Gavin Mkhize,+27341280983,nkululeko76@vodamail.co.za
sibongile Thwala,+27(23)0131445,mtshali.kagiso@yahoo.com
Janet Nortje,0218734123,grant60@thwala.com
jacobus Masemola,0571632294,slabbert.nomsa@vodamail.co.za
Mary Bezuidenhout,+27(27)7883423,cooper.nicolaas@webmail.co.za
Trevor Madlala,0319109578,unathi71@yahoo.com
nompumelelo Jonker,+27427601501,rgerber@vodamail.co.za
Leigh Tsotetsi,057 801 0157,unathi74@slabbert.edu.za
phumzile Molefe,+27(47)9169347,umabena@yahoo.com
Bronwyn Moonsamy,015-068-8443,schutte.jane@yahoo.com
Dirk Neethling,057 334 1586,shawn.mdluli@nyathi.com
Lungile Mouton,0286969991,mmohlala@ngubane.ecape.school.za
Eugene Jackson,+27(44)2940934,molepo.lawrence@kubheka.edu.za
Carol Gouws,057-593-7050,wterblanche@badenhorst.nis.za
Thabang Van Jaarsveld,046-138-2950,bosman.jabulani@viljoen.co.za
Jean Mbatha,0541958407,tmurray@yahoo.com
Nompumelelo Van Rensburg,033-144-2687,julian28@ndaba.com
Jeremy Kelly,021-717-6565,theo63@gmail.com
Sizwe Engelbrecht,+27(11)2542309,james12@pienaar.ecape.school.za
phumzile Perumal,017-208-0095,ben87@martin.edu.za
Jenny Samuels,0245181747,liezel57@yahoo.com
nonhlanhla Fortuin,+27450940739,clarke.nozipho@vodamail.co.za
Karabo Brown,0361083495,manuel.to@martin.kzn.school.za
Anthony Robertson,0240353412,delange.brent@gmail.com
barend Sibeko,+27(27)9248263,linda94@webmail.co.za
Dirk Cilliers,+27(11)5414942,mscott@skosana.gp.school.za
Jenny Oliver,027 931 3624,sonja.fourie@vodamail.co.za
Teboho Gumede,056 001 9257,tkruger@maseko.net
Patience Miller,+27(54)0881601,wolmarans.xolani@vodamail.co.za
Mohammed Prinsloo,0356671228,sperumal@yahoo.com
Charmaine Slabbert,027-624-2572,thando.may@ngubane.web.za
Caroline Pienaar,0365087090,kagiso35@yahoo.com
Theo Moses,021-536-1163,andrew.naude@bosman.co.za
Philip Bennett,+27145485252,zandile68@duplessis.com
Nhlanhla Thwala,015-612-8042,pmotaung@gmail.com
Refiloe Neethling,+27(54)1001790,johanna.delange@vodamail.co.za
Godfrey Mphahlele,0137443538,moyo.nompumelelo@barnard.law.za
Janine Cooper,+27560099211,ydreyer@mtsweni.com
Refilwe Evans,+27(35)4604585,pnaidoo@laubscher.kzn.school.za
Dean Willemse,0547646793,sibongile.barnes@webmail.co.za
Rob Padayachee,+27139363079,conrad81@ngwenya.gp.school.za
Busisiwe Benjamin,036-165-4085,rodney91@gmail.com
Nhlanhla Van Jaarsveld,036 553 0562,strydom.nonhlanhla@adonis.ac.za
Bongani Solomons,021-464-6452,mnguni.raymond@ngema.ac.za
Mary Govender,+27(58)0852517,fmohlala@hotmail.com
George Van Der Berg,+27581886064,allan.phiri@vandeventer.co.za
Ricardo van Niekerk,021 622 5404,victor.jansenvanrensburg@joseph.grondar.za
Dean Marx,0226495628,moloto.willem@dreyer.gov.za
Tania Move,042-101-7647,wolmarans.danielle@hotmail.com
Jan Abrahams,+27516763075,marc.stander@yahoo.com
Jabulani Mthembu,+27(35)3500253,ingrid53@hotmail.com
Lynn King,054 766 8932,gmpofu@webmail.co.za
Ashley van Staden,034-788-8127,mabaso.angelique@yahoo.com
Philip Greyling,+27(45)5231580,scott.zandile@shabangu.mpm.za
Unathi Snyman,0161607287,jkubheka@padayachee.grondar.za
William De Lange,045-158-4397,psmit@miller.net
Candice Reddy,+27(54)6794006,karin69@vodamail.co.za
Gugu Erasmus,0424204523,horn.sandra@gmail.com
Carmen De Villiers,011-939-2544,sylvia29@mbatha.gov.za
Contact  Tsotetsi,+27235424060,pthompson@webmail.co.za
Thomas Davids,+27(18)1381491,wgreyling@mamabolo.lp.school.za
James Wolmarans,045 660 1133,george.roux@vodamail.co.za
Simon Vermeulen,016-704-5705,shirley75@abrahams.wcape.school.za
Neil Peters,+27(35)9261551,gugu.mabasa@makhubela.law.za
Cindy De Villiers,034-991-7911,lesego.mashego@molefe.mil.za
Nozipho Motsepe,028 846 6442,theresa.molepo@duplooy.law.za
Morne Street,+27(34)8649112,tshepo63@webmail.co.za
Innocent Murray,012-302-7559,lucas91@vanzyl.ecape.school.za
Prudence Khanyile,+27236950974,zburger@move.ecape.school.za
Gail Herbst,+27232748501,jansen.nico@cassim.nw.school.za
Roy Francis,+27361317628,carl.marais@park.gp.school.za
Michelle Dladla,058 551 8685,martin.joubert@hotmail.com
Albert Mashaba,0575014960,kagiso64@chetty.mpm.za
Kenneth Richards,+27437234370,siphokazi.sibanyoni@gmail.com
Zanele Sibanyoni,0166280658,gumede.arthur@lubbe.wcape.school.za
Brenda Skosana,+27(24)6961045,bjohnson@mkhize.ac.za
Gail Parker,+27(27)4678349,makhubela.marc@coetzer.gov.za
Frank Vilakazi,+27286964769,naidoo.duduzile@andrews.school.za
Shannon Msomi,054 774 5172,sibeko.andrea@salie.fs.school.za
Colin Adams,035-908-8868,bennett.lindiwe@scholtz.lp.school.za
Edward Walters,+27571835715,michael25@yahoo.com
Tshepiso Mthethwa,041 078 1528,dmuller@sibisi.net.za
Pamela Morgan,+27(45)4117320,ian.loubser@yahoo.com
Sizwe Harrison,+27466823907,eclaassen@fourie.school.za
Werner Abrahams,+27547383833,precious.uys@vandyk.co.za
Andiswa Adams,+27277694955,nosipho.vanniekerk@yahoo.com
Garth Kleynhans,056-417-8654,naicker.gloria@yahoo.com
Yolandi Khosa,+27539317460,derek58@vodamail.co.za
Tanya Mncube,033-173-9124,bradley07@vodamail.co.za
refiloe Coetzee,+27(54)7977740,richards.bradley@gmail.com
Boitumelo Malinga,031-449-2216,msingh@gmail.com
Joe Hlongwane,+27284997512,siyabonga09@mthembu.ncape.school.za
kagiso Mogale,016 360 7679,asanda.mostert@webmail.co.za
Kagiso Solomon,017-199-9069,mchauke@phiri.net
Peter Terblanche,023 889 7536,charlene.kelly@moosa.edu.za
Brenda Benjamin,045 782 4917,vgrobler@muller.nom.za
Andre Olivier,+27165538496,fscholtz@gmail.com
thembi Muller,+27(45)8492193,vusi98@webmail.co.za
Charlotte Van Jaarsveld,+27116871846,natalie.dupreez@modise.co.za
Takalani Goosen,+27(42)5419945,lydia.paul@gmail.com
Matthew Wilson,0120213191,nel.tumelo@engelbrecht.agric.za
Deon Van Jaarsveld,+27110355756,mkhanyile@webmail.co.za
tumelo Molepo,0532601368,tshepo.vanstaden@vodamail.co.za
Russell Johnson,044-902-2401,maleka.andrea@mlangeni.edu.za
Sibusiso Abrahams,+27(17)4974593,anita.ahmed@yahoo.com
Ivan Mavuso,+27(32)2194545,modise.jan@yahoo.com
babalwa Taylor,017-228-4094,joyce85@khosa.web.za
Jackie Mchunu,0272993663,ddupreez@schutte.agric.za
Charl Andrews,0480704645,mary.street@hughes.nw.school.za
Lloyd van Niekerk,+27487011872,xkhan@webmail.co.za
zandile Zungu,023 856 4844,kumalo.matthew@gmail.com
Marthinus Myburgh,0427956080,vtruter@pieterse.co.za
Grant Theron,017 255 4345,nosipho.lubbe@vodamail.co.za
andries Masango,+27281999987,gerber.xolani@hattingh.gp.school.za
Jean Esterhuizen,+27(36)9216735,boitumelo95@ahmed.mil.za
Personal Van Rooyen,045-987-0496,refiloe62@gmail.com
Barend Morgan,+27(31)0400963,cynthia.marx@vodamail.co.za
Carel De Jager,013-662-6413,mbele.takalani@gerber.fs.school.za
Alfred Fredericks,+27(16)1335016,lmabasa@moonsamy.wcape.school.za
Ernest Dlamini,053-530-4963,pearl65@motaung.com
Bianca Esterhuizen,+27(34)3463387,refiloe62@dladla.nw.school.za
nonkululeko De Wet,+27326682931,thompson.zama@hotmail.com
babalwa James,+27152741371,wayne.wilson@barnes.edu.za
Lizelle Msibi,0534163140,theron.godfrey@mtshali.agric.za
Juanita Otto,057 879 3036,fiona.mthethwa@vodamail.co.za
Olivia Jansen,+27288269845,thompson.michelle@vanderwalt.lp.school.za
Miss Mofokeng,018 589 1526,ohlatshwayo@brits.kzn.school.za
Liezel Kruger,049 219 8206,motloung.monica@hoffman.mil.za
Linda Olivier,035-479-0604,phumzile.mtsweni@manuel.school.za
Rudi Henning,+27(15)2232821,godfrey18@webmail.co.za
Refiloe Bosman,014-368-3964,martin.monica@majola.web.za
Tumelo Hill,0361532190,xafrica@hotmail.com
Anita Khumalo,+27(53)7375482,thandeka04@khumalo.co.za
Godfrey Parker,011-528-2306,vmkhwanazi@khumalo.wcape.school.za
andries Edwards,+27(45)8381892,darren.petersen@davids.org.za
Lerato Pietersen,+27170119601,albert.kotze@otto.nw.school.za
Nico Mbatha,+27133959267,chantel16@gmail.com
Lucas  Ntuli,047 780 0346,chantel89@ndlovu.ecape.school.za
Alfred Khosa,+27(44)0574050,xulu.nadine@marx.kzn.school.za
Andiswa Nel,+27176136221,ubarnes@webmail.co.za
Nicolette Visagie,+27(23)1497322,takalani.stander@masilela.co.za
zandile Taylor,0584668318,thandi10@yahoo.com
Monique Xulu,+27360763334,wmolefe@vodamail.co.za
Zama Moloi,054 142 5627,frank13@vodamail.co.za
Dumisani Petersen,024-543-1752,bongani.vandermerwe@webmail.co.za
Kim Britz,+27(58)6835510,leonard.murray@gmail.com
Simone Hoffman,043-506-4726,esterhuizen.rudi@vodamail.co.za
Thembi Ndou,054-203-7760,bell.sonja@webmail.co.za
Your Gouws,+27(27)1327806,rachel.oosthuizen@webmail.co.za
Dean Badenhorst,+27274098825,mbali.mulder@yahoo.com
Celeste Mathe,+27125057273,brenda13@hill.mil.za
Thabo Sithole,014-073-1988,julia.kubheka@malinga.wcape.school.za
Bulelwa Evans,021-216-7645,gavin.miller@hotmail.com
Christopher Mavuso,0341557799,nompumelelo83@hotmail.com
Mohammed Hanekom,+27(14)6488451,tshepo05@botha.grondar.za
Siphiwe Molepo,054-409-8276,matlala.olivia@vodamail.co.za
Heather Potgieter,043 740 7237,anortje@hotmail.com
Takalani Van Eeden,+27(23)4315137,ymoses@hotmail.com
Christopher Hattingh,0186552200,karin.vandeventer@gmail.com
Melanie Mouton,0365686064,greeff.jennifer@wright.nw.school.za
Grant Claassen,035-194-0335,thwala.thandi@gmail.com
Henry Masemola,013-833-0926,amanda54@dupreez.mpm.za
Rene Van Dyk,0446101223,teboho.cronje@hotmail.com
Neil Brown,022-800-6565,next.maritz@hotmail.com
Patrick Mchunu,0211845470,msomi.gerald@naidu.kzn.school.za
Kelebogile Gumede,+27454269537,jwentzel@webmail.co.za
Tshegofatso Clark,0227189481,sifiso71@hotmail.com
Nonkululeko Singh,+27(21)6892482,koekemoer.anton@webmail.co.za
Sifiso Xulu,049 028 7804,conrad82@webmail.co.za
Samantha Clarke,+27272255543,kleynhans.antoinette@oosthuizen.law.za
nkosinathi Cassim,049-207-5262,kyle25@arendse.school.za
Walter Matthews,036 193 0007,nbrink@vaneeden.mpm.za
Lizelle Liebenberg,0480618567,beverley.leroux@vodamail.co.za
Neil Singh,+27515804130,tumelo.els@yahoo.com
Nonkululeko Xulu,0474461282,gabriel84@nzimande.edu.za
Elizabeth Motloung,013 976 0978,tvandermerwe@yahoo.com
Deon Van Dyk,011 324 8097,frank86@webmail.co.za
Louis Masuku,+27(47)5664923,walker.siphokazi@webmail.co.za
Sifiso Le Roux,047-266-6847,ruth13@vodamail.co.za
Kevin Louw,+27(36)5054200,pmuller@vodamail.co.za
Gregory Shabalala,+27482955379,twala.siphokazi@naidoo.org.za
Ruth Slabbert,+27(36)6181978,letsoalo.phumzile@maree.nw.school.za
Mduduzi Cele,041-167-1747,mahlangu.maria@swanepoel.ecape.school.za
Faith de Beer,+27169677712,mr.27@moloi.kzn.school.za
Lynette Masuku,+27366534263,nhlanhla14@gmail.com
Adele Grobler,+27574350362,zandile88@hotmail.com
Lucas  Phillips,032 522 2971,ngubane.craig@gmail.com
Jaco Ntshangase,+27271091168,belinda53@webmail.co.za
Bulelwa Mabasa,+27(13)8170448,louise26@yahoo.com
Tshegofatso Brown,014-826-1753,groenewald.steve@marais.nis.za
Lebohang Mathe,+27(45)2137554,henning.thato@viljoen.nis.za
Nkosinathi Mashinini,022 945 2146,kobus.radebe@webmail.co.za
John Mabunda,0327271807,mpho47@mathebula.com
Terence Edwards,014-610-8045,zmtsweni@brink.school.za
Morné Uys,+27(42)3133193,loubser.paul@mazibuko.web.za
Louise Rossouw,032-140-6572,stephan.zondo@jacobs.co.za
Abraham Hlatshwayo,049-899-0575,ybuthelezi@webmail.co.za
Takalani Bosch,+27(18)5741727,dwright@hotmail.com
Werner Maritz,014-767-2021,street.gordon@moodley.ac.za
Bongani De Bruin,043-938-9298,jbarnard@vodamail.co.za
Christina Pienaar,0115469155,bwood@gmail.com
Garth Nortje,+27(11)4157307,dledwaba@robinson.com
Jacobus Green,+27320190274,brink.lerato@vodamail.co.za
Kyle Moses,0571416018,morne.gumede@swart.mpm.za
Your Zondi,047 497 3457,masuku.candice@louw.law.za
Lisa Taylor,018 037 9051,contact58@tsotetsi.gp.school.za
Carol Geldenhuys,+27319133405,eugene.mitchell@mbatha.ecape.school.za
Joseph Naude,+27582021131,mokone.danie@miller.ecape.school.za
Jacobus Cele,014-059-6416,christina08@shabalala.agric.za
Megan Koekemoer,033 352 0528,liezel.ntombela@manuel.com
Julian Gounden,014-049-4437,jansen.teboho@gmail.com
Estelle Barnard,0243292011,vscheepers@webmail.co.za
Personal Pietersen,012 126 3518,joseph.kelly@gmail.com
Deborah Khuzwayo,+27530690430,sibongile56@vodamail.co.za
Thabiso Maake,031 147 0071,leon90@maluleka.nw.school.za
Julie Wood,0473129921,catherine.move@gmail.com
Bianca du Toit,0534107599,karen.harmse@vodamail.co.za
Simphiwe Mudau,014 119 1689,rcilliers@webmail.co.za
Nosipho Gounden,018-604-9133,xmkhize@robinson.mil.za
Thabiso Kunene,017-961-4598,fswartz@dutoit.lp.school.za
contact Khuzwayo,+27248052362,bongiwe.naidoo@webmail.co.za
Olivia Kekana,057-809-8858,bvanderwalt@ngubane.web.za
Jan Bezuidenhout,+27583574514,kvanheerden@buys.wcape.school.za
Charlotte Cronje,+27(36)2132314,dineo33@gmail.com
Tumelo Modiba,+27(31)9252321,samuel60@yahoo.com
Thulani Africa,014-927-8209,natalie21@blignaut.ecape.school.za
Natasha Zungu,058-318-8792,bulelwa.scott@yahoo.com
Nicolaas Molefe,0541400579,dkumar@watson.co.za
Nokuthula Neethling,+27(47)6570716,nbosch@yahoo.com
Sharon Cilliers,036-613-1771,candice79@yahoo.com
Derek Carstens,035-345-5384,cnaidoo@gmail.com
Justin Mashigo,+27544710393,nadine26@webmail.co.za
lindiwe Francis,+27270002594,sello57@dhlamini.co.za
Carol Neethling,+27571949486,david74@cupido.edu.za
Teboho Baloyi,057 092 6076,candice.dlamini@yahoo.com
sibongile Moses,+27136459379,vlabuschagne@webmail.co.za
Greg Mtshali,0353284414,padayachee.zanele@mohale.net
Dean Cupido,033-437-9562,knaidoo@gmail.com
