GivenName,MiddleInitial,Surname,EmailAddress
Onodugoadiegbemma,A,Rapuluchukwu,OnodugoadiegbemmaRapuluchukwu@jourrapide.com
Chidera,B,Jibunoh,ChideraJibunoh@teleworm.us
Nkemakolam,C,Onyenachiya,NkemakolamOnyenachiya@jourrapide.com
Nnanna,A,Tobenna,NnannaTobenna@superrito.com
Onwuamaeze,N,Nkemakonam,OnwuamaezeNkemakonam@superrito.com
Chibuzo,E,Somadina,ChibuzoSomadina@rhyta.com
Chimsom,O,Nebechukwu,ChimsomNebechukwu@superrito.com
Azubuike,N,Chukwuebuka,AzubuikeChukwuebuka@armyspy.com
Daluchineke,I,Goliwe,DaluchinekeGoliwe@dayrep.com
Nnenne,D,Golibe,NnenneGolibe@rhyta.com
Chidubem,U,Ekechukwu,ChidubemEkechukwu@einrot.com
Onwuemelie,I,Ubanwa,OnwuemelieUbanwa@teleworm.us
Chifo,N,Onyemauchechi,ChifoOnyemauchechi@armyspy.com
Azuka,C,Ekwueme,AzukaEkwueme@jourrapide.com
Onochie,A,Chizuoke,OnochieChizuoke@dayrep.com
Nkemjika,U,Chidi,NkemjikaChidi@superrito.com
Eberechukwu,O,Nkemakolam,EberechukwuNkemakolam@rhyta.com
Chukwukere,Z,Chikwendu,ChukwukereChikwendu@rhyta.com
Nkemdirim,N,Abazu,NkemdirimAbazu@jourrapide.com
Azubuike,C,Ndubuagha,AzubuikeNdubuagha@jourrapide.com
Odili,I,Rapuokwu,OdiliRapuokwu@fleckens.hu
Chinyere,O,Chiebuka,ChinyereChiebuka@teleworm.us
Tobenna,N,Muomelu,TobennaMuomelu@superrito.com
Chiganu,O,Chimaobim,ChiganuChimaobim@dayrep.com
Chiagoziem,G,Ibeabuchi,ChiagoziemIbeabuchi@gustr.com
Buchi,O,Chidimma,BuchiChidimma@dayrep.com
Ibekwe,C,Chimaijem,IbekweChimaijem@einrot.com
Ugonna,C,Madukaife,UgonnaMadukaife@fleckens.hu
Chifo,K,Kenenna,ChifoKenenna@dayrep.com
Udokamma,C,Onwuamaegbu,UdokammaOnwuamaegbu@cuvox.de
Ekwutosi,O,Uwakwe,EkwutosiUwakwe@teleworm.us
Chiemela,N,Madukwe,ChiemelaMadukwe@dayrep.com
Yobachi,I,Echezonachukwu,YobachiEchezonachukwu@fleckens.hu
Onyeoruru,C,Chidumaga,OnyeoruruChidumaga@dayrep.com
Azikiwe,O,Chukwuebuka,AzikiweChukwuebuka@einrot.com
Kelechi,J,Ogochukwu,KelechiOgochukwu@teleworm.us
Maduabuchim,C,Nnamdi,MaduabuchimNnamdi@armyspy.com
Ginikanwa,C,Afamefula,GinikanwaAfamefula@rhyta.com
Chizuoke,C,Nkemakonam,ChizuokeNkemakonam@fleckens.hu
Chimaoke,O,Chinomso,ChimaokeChinomso@teleworm.us
Obijiaku,A,Chike,ObijiakuChike@rhyta.com
Anenechi,O,Nnanna,AnenechiNnanna@rhyta.com
Sopuluchukwu,N,Ndubuagha,SopuluchukwuNdubuagha@dayrep.com
Adaeze,C,Esomchi,AdaezeEsomchi@gustr.com
Ojiofor,A,Okwukwe,OjioforOkwukwe@rhyta.com
Urunna,S,Nwokike,UrunnaNwokike@superrito.com
Rapuluolisa,M,Chiekwugo,RapuluolisaChiekwugo@teleworm.us
Chifo,C,Chibueze,ChifoChibueze@jourrapide.com
Achebe,O,Chigozie,AchebeChigozie@cuvox.de
Akudinobi,S,Ibekwe,AkudinobiIbekwe@einrot.com
Chiefo,N,Zikoranachukwudimma,ChiefoZikoranachukwudimma@gustr.com
Ebelechukwu,O,Ugorji,EbelechukwuUgorji@armyspy.com
Chukwualuka,N,Onwuamaeze,ChukwualukaOnwuamaeze@fleckens.hu
Obioma,O,Eluemuno,ObiomaEluemuno@teleworm.us
Chiganu,C,Chibueze,ChiganuChibueze@superrito.com
Chinagorom,A,Ibeabuchi,ChinagoromIbeabuchi@einrot.com
Somayina,I,Dike,SomayinaDike@dayrep.com
Chimaijem,N,Chukwumoge,ChimaijemChukwumoge@jourrapide.com
Ezinma,C,Izuchukwu,EzinmaIzuchukwu@dayrep.com
Chiawuotu,O,Chiawuotu,ChiawuotuChiawuotu@gustr.com
Gwamniru,C,Chukwuemeka,GwamniruChukwuemeka@armyspy.com
Chimezie,L,Afamefuna,ChimezieAfamefuna@rhyta.com
Onyinyechukwuka,N,Nnabuife,OnyinyechukwukaNnabuife@rhyta.com
Chidumaga,A,Ugochukwutubelum,ChidumagaUgochukwutubelum@jourrapide.com
Nnamdi,I,Chijioke,NnamdiChijioke@dayrep.com
Anenechukwu,O,Chiagoziem,AnenechukwuChiagoziem@rhyta.com
Chiamaka,O,Chinweuba,ChiamakaChinweuba@dayrep.com
Chukwudi,C,Chiemezie,ChukwudiChiemezie@fleckens.hu
Zikoranachidimma,N,Anayolisa,ZikoranachidimmaAnayolisa@teleworm.us
Ibeamaka,A,Gboliwe,IbeamakaGboliwe@einrot.com
Chukwujekwu,N,Chinedum,ChukwujekwuChinedum@fleckens.hu
Onyemauchechi,O,Chigbogu,OnyemauchechiChigbogu@gustr.com
Mbadiwe,O,Tobenna,MbadiweTobenna@teleworm.us
Chimsom,E,Nwachinemelu,ChimsomNwachinemelu@cuvox.de
Nnanna,A,Onwughara,NnannaOnwughara@einrot.com
Nneze,O,Okechukwu,NnezeOkechukwu@teleworm.us
Adaobi,O,Zinachukwudi,AdaobiZinachukwudi@rhyta.com
Chigozie,N,Chukwualuka,ChigozieChukwualuka@fleckens.hu
Buchi,O,Onuoha,BuchiOnuoha@jourrapide.com
Uruahia,U,Onwuatuegwu,UruahiaOnwuatuegwu@superrito.com
Ijendu,N,Chinwendu,IjenduChinwendu@cuvox.de
Nwabude,Z,Chinwenma,NwabudeChinwenma@einrot.com
Ibezimako,E,Ijendu,IbezimakoIjendu@einrot.com
Nwalibeaku,K,Ginikanwa,NwalibeakuGinikanwa@armyspy.com
Ujunwa,N,Chike,UjunwaChike@armyspy.com
Ukaegbunam,K,Zikoranachidimma,UkaegbunamZikoranachidimma@cuvox.de
Anenechukwu,M,Zikoranachidimma,AnenechukwuZikoranachidimma@fleckens.hu
Yobanna,M,Iloerika,YobannaIloerika@armyspy.com
Kenenna,U,Onyinyechukwuka,KenennaOnyinyechukwuka@teleworm.us
Chiawuotu,N,Ubanwa,ChiawuotuUbanwa@jourrapide.com
Ogochukwu,U,Chidalu,OgochukwuChidalu@fleckens.hu
Chiemenam,J,Chizoba,ChiemenamChizoba@armyspy.com
Oluchi,A,Okoli,OluchiOkoli@dayrep.com
Obidimkpa,U,Uchenna,ObidimkpaUchenna@rhyta.com
Ofodile,K,Onwughara,OfodileOnwughara@teleworm.us
Okwudilichukwu,I,Onwuamaeze,OkwudilichukwuOnwuamaeze@dayrep.com
Okwukwe,O,Nwokike,OkwukweNwokike@einrot.com
Onyenachiya,J,Chidi,OnyenachiyaChidi@superrito.com
Nkemjika,E,Ebelechukwu,NkemjikaEbelechukwu@teleworm.us
Kosisochukwu,A,Diribe,KosisochukwuDiribe@fleckens.hu
Onwumelu,N,Ogbonnaya,OnwumeluOgbonnaya@teleworm.us
Belonwu,E,Nwagugheuzo,BelonwuNwagugheuzo@gustr.com
Nnamutaezinwa,I,Obijiaku,NnamutaezinwaObijiaku@cuvox.de
Ngoli,C,Onyemachukwu,NgoliOnyemachukwu@rhyta.com
Chiganu,U,Nwankwo,ChiganuNwankwo@cuvox.de
Eberechukwu,N,Kambinachi,EberechukwuKambinachi@superrito.com
Ozoemena,N,Okagbue,OzoemenaOkagbue@dayrep.com
Iheanacho,E,Odinakachukwu,IheanachoOdinakachukwu@teleworm.us
Iloerika,N,Ibeamaka,IloerikaIbeamaka@cuvox.de
Urunwa,O,Rapuokwu,UrunwaRapuokwu@armyspy.com
Uchechukwu,C,Kenechi,UchechukwuKenechi@dayrep.com
Adanma,C,Onodugoadiegbemma,AdanmaOnodugoadiegbemma@einrot.com
Chibuzo,C,Ojiofor,ChibuzoOjiofor@teleworm.us
Udokamma,C,Chiawuotu,UdokammaChiawuotu@armyspy.com
Amadi,O,Onuora,AmadiOnuora@teleworm.us
Sopuluchukwu,A,Iweobiegbunam,SopuluchukwuIweobiegbunam@gustr.com
Chiganu,C,Onwumelu,ChiganuOnwumelu@einrot.com
Adamma,C,Onwuamaegbu,AdammaOnwuamaegbu@dayrep.com
Ugochukwu,O,Kenechi,UgochukwuKenechi@fleckens.hu
Chinwenma,M,Abazu,ChinwenmaAbazu@gustr.com
Nwakasi,O,Zinachukwudi,NwakasiZinachukwudi@jourrapide.com
Urunwa,E,Onodugoadiegbemma,UrunwaOnodugoadiegbemma@cuvox.de
Ijendu,I,Achebe,IjenduAchebe@teleworm.us
Elechi,C,Onyekachukwu,ElechiOnyekachukwu@superrito.com
Obidimkpa,N,Yobachukwu,ObidimkpaYobachukwu@einrot.com
Chienezie,C,Akobundu,ChienezieAkobundu@gustr.com
Udokamma,U,Sopuluchukwu,UdokammaSopuluchukwu@rhyta.com
Nnaemeka,A,Obidimkpa,NnaemekaObidimkpa@rhyta.com
Obiora,O,Nebeolisa,ObioraNebeolisa@armyspy.com
Anayolisa,N,Chiemeka,AnayolisaChiemeka@rhyta.com
Dumetochukwu,A,Chidubem,DumetochukwuChidubem@jourrapide.com
Eluemuno,O,Ifeatu,EluemunoIfeatu@teleworm.us
Olisanugo,D,Chiagoziem,OlisanugoChiagoziem@jourrapide.com
Onyinyechukwuka,Z,Otutodilichukwu,OnyinyechukwukaOtutodilichukwu@gustr.com
Nkechiyerem,M,Ebelegbulam,NkechiyeremEbelegbulam@einrot.com
Chibueze,K,Iheatu,ChibuezeIheatu@gustr.com
Chiwetelu,I,Onwuamaeze,ChiweteluOnwuamaeze@teleworm.us
Nkiliejiafo,I,Kambinachi,NkiliejiafoKambinachi@armyspy.com
Chioma,B,Ugoji,ChiomaUgoji@jourrapide.com
Chisom,O,Chukwueloka,ChisomChukwueloka@gustr.com
Uzomma,O,Chinweike,UzommaChinweike@rhyta.com
Udokamma,E,Chibugo,UdokammaChibugo@gustr.com
Chidinma,B,Kambinachi,ChidinmaKambinachi@rhyta.com
Chiemeka,C,Ndubuisi,ChiemekaNdubuisi@einrot.com
Chinagorom,O,Chinonyelum,ChinagoromChinonyelum@superrito.com
Amaechi,R,Onyeorulu,AmaechiOnyeorulu@fleckens.hu
Chidumaga,I,Yobanna,ChidumagaYobanna@armyspy.com
Obiajulu,K,Yobachukwu,ObiajuluYobachukwu@rhyta.com
Chidimma,D,Ugochukwu,ChidimmaUgochukwu@superrito.com
Kenechukwu,S,Oluchi,KenechukwuOluchi@dayrep.com
Chineze,O,Onodugoadiegbemma,ChinezeOnodugoadiegbemma@gustr.com
Yobachi,N,Chukwuebuka,YobachiChukwuebuka@armyspy.com
Chukwujamuike,N,Chukwumoge,ChukwujamuikeChukwumoge@gustr.com
Nnuego,U,Echezonachukwu,NnuegoEchezonachukwu@superrito.com
Nkemakolam,R,Osonduagwuike,NkemakolamOsonduagwuike@fleckens.hu
Okwuoma,A,Obielumani,OkwuomaObielumani@dayrep.com
Amaechi,B,Ozuluonye,AmaechiOzuluonye@cuvox.de
Iheanacho,N,Ofodile,IheanachoOfodile@dayrep.com
Uwakwe,Z,Chidiegwu,UwakweChidiegwu@einrot.com
Ozioma,N,Ejimofor,OziomaEjimofor@armyspy.com
Sochima,C,Odili,SochimaOdili@dayrep.com
Nneoma,C,Beluchi,NneomaBeluchi@fleckens.hu
Okwuadigbo,U,Uwakwe,OkwuadigboUwakwe@fleckens.hu
Kanayochukwu,O,Akubundu,KanayochukwuAkubundu@superrito.com
Akubundu,S,Chikwendu,AkubunduChikwendu@cuvox.de
Ijendu,O,Chikwendu,IjenduChikwendu@rhyta.com
Chidiebere,O,Chikwado,ChidiebereChikwado@gustr.com
Chiemeka,O,Chijindum,ChiemekaChijindum@teleworm.us
Golibe,I,Okonkwo,GolibeOkonkwo@cuvox.de
Sopuluchi,C,Chiedozie,SopuluchiChiedozie@teleworm.us
Nneamaka,O,Azikiwe,NneamakaAzikiwe@gustr.com
Mgbankwo,O,Okonkwo,MgbankwoOkonkwo@armyspy.com
Ugochukwu,A,Ndubueze,UgochukwuNdubueze@fleckens.hu
Mgbeke,C,Chioke,MgbekeChioke@superrito.com
Diribe,E,Nkemakolam,DiribeNkemakolam@dayrep.com
Ojiofor,N,Chikwado,OjioforChikwado@superrito.com
Chikwendu,M,Ugonna,ChikwenduUgonna@gustr.com
Mbadiwe,E,Chiwetelu,MbadiweChiwetelu@superrito.com
Ejikemeifeuwa,E,Chiemela,EjikemeifeuwaChiemela@rhyta.com
Chigolum,C,Ifeatu,ChigolumIfeatu@armyspy.com
Nkiruka,A,Nnamutaezinwa,NkirukaNnamutaezinwa@einrot.com
Nkolika,O,Chukwubuikem,NkolikaChukwubuikem@jourrapide.com
Madueke,D,Chinwenma,MaduekeChinwenma@cuvox.de
Zinachukwudi,C,Chinwendu,ZinachukwudiChinwendu@gustr.com
Iweobiegbunam,A,Chidiegwu,IweobiegbunamChidiegwu@einrot.com
Ukamaka,U,Udokamma,UkamakaUdokamma@dayrep.com
Onyemauchechukwu,A,Chinweuba,OnyemauchechukwuChinweuba@teleworm.us
Onuoha,O,Chidiegwu,OnuohaChidiegwu@jourrapide.com
Ebelegbulam,U,Onwuamaeze,EbelegbulamOnwuamaeze@fleckens.hu
Adaora,O,Ugochukwutubelum,AdaoraUgochukwutubelum@armyspy.com
Onwuamaeze,N,Nworie,OnwuamaezeNworie@fleckens.hu
Enemuo,C,Iloerika,EnemuoIloerika@einrot.com
Ositadimma,C,Chimaoke,OsitadimmaChimaoke@teleworm.us
Nnabuife,C,Chidumaga,NnabuifeChidumaga@fleckens.hu
Obiuto,N,Okonkwo,ObiutoOkonkwo@cuvox.de
Nnanna,C,Onwubiko,NnannaOnwubiko@einrot.com
Chidiegwu,N,Nwankwo,ChidiegwuNwankwo@armyspy.com
Ndubuisi,C,Kamdibe,NdubuisiKamdibe@einrot.com
Kambinachi,A,Ibeamaka,KambinachiIbeamaka@superrito.com
Onwumelu,A,Ebelechukwu,OnwumeluEbelechukwu@superrito.com
Chinweike,C,Azikiwe,ChinweikeAzikiwe@gustr.com
Nwachukwu,C,Nkemdirim,NwachukwuNkemdirim@rhyta.com
Gwamniru,C,Chijioke,GwamniruChijioke@superrito.com
Nkemakonam,O,Onochie,NkemakonamOnochie@dayrep.com
Mbanefo,C,Sochima,MbanefoSochima@einrot.com
Madukaego,S,Chioke,MadukaegoChioke@fleckens.hu
Lotachukwu,N,Chiganu,LotachukwuChiganu@rhyta.com
Akuabia,O,Onwuatuegwu,AkuabiaOnwuatuegwu@superrito.com
Otutodilichukwu,O,Oguejiofor,OtutodilichukwuOguejiofor@armyspy.com
Ifeyinwa,O,Chukwukere,IfeyinwaChukwukere@teleworm.us
Kenechukwu,N,Kwemtochukwu,KenechukwuKwemtochukwu@superrito.com
Chidimma,O,Eberechukwu,ChidimmaEberechukwu@teleworm.us
Emenike,D,Nwagugheuzo,EmenikeNwagugheuzo@teleworm.us
Nneze,B,Tobenna,NnezeTobenna@fleckens.hu
Ebelegbulam,F,Chinedum,EbelegbulamChinedum@dayrep.com
Ezinne,Y,Oluchukwu,EzinneOluchukwu@einrot.com
Uzoamaka,E,Chinedum,UzoamakaChinedum@teleworm.us
Nwando,C,Chiemela,NwandoChiemela@rhyta.com
Ubanwa,O,Esomchi,UbanwaEsomchi@gustr.com
Chidozie,A,Belonwu,ChidozieBelonwu@teleworm.us
Jideofor,O,Chinonyelum,JideoforChinonyelum@einrot.com
Obialo,O,Chikezie,ObialoChikezie@cuvox.de
Chibuzo,C,Akudinobi,ChibuzoAkudinobi@einrot.com
Izuchukwu,U,Azuka,IzuchukwuAzuka@gustr.com
Ifeoma,I,Iroawuchi,IfeomaIroawuchi@rhyta.com
Chinweike,U,Ikedinachukwu,ChinweikeIkedinachukwu@cuvox.de
Kwemto,N,Obiuto,KwemtoObiuto@dayrep.com
Elechi,C,Okagbue,ElechiOkagbue@dayrep.com
Somadina,C,Chukwuma,SomadinaChukwuma@jourrapide.com
Chikere,O,Chukwujekwu,ChikereChukwujekwu@einrot.com
Muomelu,A,Madukwe,MuomeluMadukwe@cuvox.de
Ozioma,U,Chidiebele,OziomaChidiebele@jourrapide.com
Ikemefuna,N,Chimaijem,IkemefunaChimaijem@rhyta.com
Onwuemelie,K,Chieloka,OnwuemelieChieloka@dayrep.com
Sopuluchi,N,Tochukwu,SopuluchiTochukwu@rhyta.com
Nwando,R,Onodugoadiegbemma,NwandoOnodugoadiegbemma@dayrep.com
Ugoji,C,Zikoranachukwudimma,UgojiZikoranachukwudimma@armyspy.com
Chimaijem,O,Ugochukwu,ChimaijemUgochukwu@fleckens.hu
Nwabugwu,E,Ugonna,NwabugwuUgonna@einrot.com
Ozioma,C,Chinwendu,OziomaChinwendu@rhyta.com
Nwabugwu,M,Zikoranachukwudimma,NwabugwuZikoranachukwudimma@cuvox.de
Kamdibe,N,Obioma,KamdibeObioma@rhyta.com
Ezinma,K,Chiganu,EzinmaChiganu@einrot.com
Ugonnatubelum,A,Beluchi,UgonnatubelumBeluchi@armyspy.com
Onwuemelie,O,Nnonso,OnwuemelieNnonso@gustr.com
Onwudiwe,A,Nebechi,OnwudiweNebechi@einrot.com
Chiemeka,N,Chieloka,ChiemekaChieloka@fleckens.hu
Obialo,C,Olisaemeka,ObialoOlisaemeka@superrito.com
Onyemauchechi,I,Kenechukwu,OnyemauchechiKenechukwu@gustr.com
Oluchi,Y,Iroawuchi,OluchiIroawuchi@fleckens.hu
Onyebuchi,C,Onwughara,OnyebuchiOnwughara@teleworm.us
Chukwuebuka,N,Chiazagomekpere,ChukwuebukaChiazagomekpere@fleckens.hu
Nnabuife,C,Onwughara,NnabuifeOnwughara@cuvox.de
Mbadiwe,C,Obielumani,MbadiweObielumani@teleworm.us
Osinachi,I,Nwabugwu,OsinachiNwabugwu@gustr.com
Nduru,C,Chukwukere,NduruChukwukere@gustr.com
Ozuluonye,K,Jideofor,OzuluonyeJideofor@rhyta.com
Azuka,Y,Chinomso,AzukaChinomso@cuvox.de
Kelechi,S,Nwokeocha,KelechiNwokeocha@teleworm.us
Zikoranaudodimma,O,Rapuluchukwu,ZikoranaudodimmaRapuluchukwu@dayrep.com
Okwukwe,C,Onodugoadiegbemma,OkwukweOnodugoadiegbemma@dayrep.com
Chinweuba,U,Ibezimako,ChinweubaIbezimako@rhyta.com
Ifeoma,E,Ijendu,IfeomaIjendu@armyspy.com
Nwebube,I,Obiora,NwebubeObiora@jourrapide.com
Obiajulu,O,Onyeorulu,ObiajuluOnyeorulu@cuvox.de
Ndubueze,G,Nnanna,NdubuezeNnanna@superrito.com
Goliwe,D,Mbadiwe,GoliweMbadiwe@gustr.com
Chikadibia,E,Kelechi,ChikadibiaKelechi@gustr.com
Chukwukadibia,I,Onyeoruru,ChukwukadibiaOnyeoruru@dayrep.com
Chiamaka,C,Sopuluchukwu,ChiamakaSopuluchukwu@fleckens.hu
Ubanwa,A,Chigolum,UbanwaChigolum@superrito.com
Ebelegbulam,G,Uchenna,EbelegbulamUchenna@rhyta.com
Otitodilichukwu,M,Okwuadigbo,OtitodilichukwuOkwuadigbo@fleckens.hu
Chiemela,O,Ngozichukwuka,ChiemelaNgozichukwuka@teleworm.us
Uloma,C,Kamdibe,UlomaKamdibe@teleworm.us
Adaora,N,Chikwendu,AdaoraChikwendu@jourrapide.com
Amaechi,A,Nkemakolam,AmaechiNkemakolam@armyspy.com
Amaogechukwu,O,Nkemakonam,AmaogechukwuNkemakonam@teleworm.us
Ogbonnaya,C,Onwuatuegwu,OgbonnayaOnwuatuegwu@fleckens.hu
Chikwado,U,Okwudiliolisa,ChikwadoOkwudiliolisa@einrot.com
Nnamutaezinwa,I,Ifesinachi,NnamutaezinwaIfesinachi@gustr.com
Onuchukwu,C,Onyekaozulu,OnuchukwuOnyekaozulu@dayrep.com
Onwumelu,I,Chikwado,OnwumeluChikwado@fleckens.hu
Nwokeocha,G,Onyemachukwu,NwokeochaOnyemachukwu@jourrapide.com
Chukwuma,C,Chienezie,ChukwumaChienezie@einrot.com
Chukwujekwu,I,Enemuo,ChukwujekwuEnemuo@superrito.com
Chimaraoke,F,Onochie,ChimaraokeOnochie@teleworm.us
Izuchukwu,G,Onuchukwu,IzuchukwuOnuchukwu@dayrep.com
Gboliwe,O,Chiagoziem,GboliweChiagoziem@jourrapide.com
Adaeze,E,Ozioma,AdaezeOzioma@rhyta.com
Ozioma,I,Chidozie,OziomaChidozie@einrot.com
Ginikanwa,O,Tobenna,GinikanwaTobenna@fleckens.hu
Nkemka,C,Kwemtochukwu,NkemkaKwemtochukwu@einrot.com
Onaedo,E,Iheanacho,OnaedoIheanacho@dayrep.com
Ndidiamaka,Z,Chukwukadibia,NdidiamakaChukwukadibia@teleworm.us
Onwumelu,E,Otutodilichukwu,OnwumeluOtutodilichukwu@dayrep.com
Sopuluchukwu,A,Mbadiwe,SopuluchukwuMbadiwe@einrot.com
Uchechukwu,C,Osinachi,UchechukwuOsinachi@einrot.com
Chinagorom,L,Chukwujamuike,ChinagoromChukwujamuike@teleworm.us
Ezinne,C,Ukaegbulam,EzinneUkaegbulam@gustr.com
Chikwado,K,Igwebuike,ChikwadoIgwebuike@jourrapide.com
Tobenna,O,Ndubuagha,TobennaNdubuagha@gustr.com
Nkemdirim,N,Chinedum,NkemdirimChinedum@armyspy.com
Obialo,A,Gboliwe,ObialoGboliwe@gustr.com
Obidimkpa,A,Onwuamaeze,ObidimkpaOnwuamaeze@superrito.com
Chifo,O,Anayochukwu,ChifoAnayochukwu@jourrapide.com
Ezinwa,O,Zinachidi,EzinwaZinachidi@dayrep.com
Chibugo,C,Elewechi,ChibugoElewechi@dayrep.com
Onyeorulu,N,Daluchineke,OnyeoruluDaluchineke@fleckens.hu
Daluchi,U,Uchenna,DaluchiUchenna@dayrep.com
Otutodilinna,I,Chigolum,OtutodilinnaChigolum@rhyta.com
Nkemdirim,C,Chidiebere,NkemdirimChidiebere@teleworm.us
Nnabuife,C,Ozuluonye,NnabuifeOzuluonye@dayrep.com
Chiazagomekpele,I,Tobenna,ChiazagomekpeleTobenna@einrot.com
Nnenne,E,Chukwukere,NnenneChukwukere@teleworm.us
Oluchukwu,N,Ajuluchukwu,OluchukwuAjuluchukwu@gustr.com
Nkemakonam,A,Chidimma,NkemakonamChidimma@armyspy.com
Ujunwa,O,Ginikanwa,UjunwaGinikanwa@teleworm.us
Chienezie,A,Chikezie,ChienezieChikezie@einrot.com
Obidimkpa,U,Eluemuno,ObidimkpaEluemuno@armyspy.com
Iroawuchi,C,Obielumani,IroawuchiObielumani@einrot.com
Onyeorulu,N,Onwuatuegwu,OnyeoruluOnwuatuegwu@fleckens.hu
Chinwemma,C,Sopuluchi,ChinwemmaSopuluchi@superrito.com
Chiemeka,E,Nkemjika,ChiemekaNkemjika@fleckens.hu
Okwuoma,S,Ugonnatubelum,OkwuomaUgonnatubelum@teleworm.us
Ijendu,N,Kenechi,IjenduKenechi@jourrapide.com
Udokamma,C,Ekechukwu,UdokammaEkechukwu@teleworm.us
Chinwemma,O,Chidimma,ChinwemmaChidimma@jourrapide.com
Chibueze,A,Chinweuba,ChibuezeChinweuba@gustr.com
Amarachi,O,Ejimofor,AmarachiEjimofor@rhyta.com
Zikoranachukwudimma,C,Chinagorom,ZikoranachukwudimmaChinagorom@armyspy.com
Obialo,G,Onyemere,ObialoOnyemere@superrito.com
Eluemuno,M,Onyemaechi,EluemunoOnyemaechi@einrot.com
Chinonyelum,E,Chinonyelum,ChinonyelumChinonyelum@armyspy.com
Obialo,N,Goliwe,ObialoGoliwe@teleworm.us
Iweobiegbulam,O,Zikoranachukwudimma,IweobiegbulamZikoranachukwudimma@armyspy.com
Egoliem,N,Nkemdirim,EgoliemNkemdirim@gustr.com
Nkemdirim,N,Esomchi,NkemdirimEsomchi@superrito.com
Chiamaka,O,Somadina,ChiamakaSomadina@dayrep.com
Ukamaka,C,Nnonso,UkamakaNnonso@gustr.com
Anenechukwu,C,Eberechukwu,AnenechukwuEberechukwu@superrito.com
Chinedum,N,Otitodilinna,ChinedumOtitodilinna@jourrapide.com
Chinyelu,N,Kodilinyechukwu,ChinyeluKodilinyechukwu@superrito.com
Obidimkpa,A,Nnonso,ObidimkpaNnonso@superrito.com
Onyemaechi,N,Onyinyechukwuka,OnyemaechiOnyinyechukwuka@rhyta.com
Chukwujekwu,C,Chukwuma,ChukwujekwuChukwuma@dayrep.com
Akudinobi,N,Iweobiegbulam,AkudinobiIweobiegbulam@gustr.com
Anenechi,O,Nnamutaezinwa,AnenechiNnamutaezinwa@rhyta.com
Daluchineke,N,Chiagoziem,DaluchinekeChiagoziem@teleworm.us
Chibugo,D,Echezonachukwu,ChibugoEchezonachukwu@rhyta.com
Osinachi,R,Chiemeka,OsinachiChiemeka@superrito.com
Chiagoziem,O,Okagbue,ChiagoziemOkagbue@jourrapide.com
Uchenna,U,Oluchukwu,UchennaOluchukwu@teleworm.us
Chukwujekwu,N,Onyenachiya,ChukwujekwuOnyenachiya@gustr.com
Ukaegbunam,E,Nnaife,UkaegbunamNnaife@gustr.com
Emenike,U,Chinwenma,EmenikeChinwenma@einrot.com
Akwaugo,Y,Chidinma,AkwaugoChidinma@einrot.com
Chinemeremma,N,Onwubiko,ChinemeremmaOnwubiko@dayrep.com
Chiefo,D,Chijioke,ChiefoChijioke@teleworm.us
Nkemjika,O,Nwokike,NkemjikaNwokike@dayrep.com
Egobudike,O,Chukwuhaenye,EgobudikeChukwuhaenye@fleckens.hu
Ndubuagha,A,Chimaoke,NdubuaghaChimaoke@rhyta.com
Chifo,C,Onwuka,ChifoOnwuka@gustr.com
Chimaijem,O,Akobundu,ChimaijemAkobundu@dayrep.com
Ifeanacho,I,Onwuamaegbu,IfeanachoOnwuamaegbu@cuvox.de
Mgbeke,C,Iheanacho,MgbekeIheanacho@teleworm.us
Nneoma,O,Nwokezuike,NneomaNwokezuike@einrot.com
Ijenuwa,M,Nworie,IjenuwaNworie@cuvox.de
Olisaemeka,I,Olisaemeka,OlisaemekaOlisaemeka@teleworm.us
Ifeoma,A,Anenechukwu,IfeomaAnenechukwu@einrot.com
Nnenne,O,Nkemdilim,NnenneNkemdilim@dayrep.com
Chukwukere,N,Chukwumaobim,ChukwukereChukwumaobim@rhyta.com
Elechi,C,Ugochukwutubelum,ElechiUgochukwutubelum@fleckens.hu
Nkemakolam,C,Iheanacho,NkemakolamIheanacho@cuvox.de
Nwalibeaku,C,Madukwe,NwalibeakuMadukwe@fleckens.hu
Chukwumoge,O,Emenike,ChukwumogeEmenike@dayrep.com
Chidalu,N,Chiebuka,ChidaluChiebuka@fleckens.hu
Olejuru,A,Madukaego,OlejuruMadukaego@armyspy.com
Ezimma,G,Onyenachiya,EzimmaOnyenachiya@jourrapide.com
Ibezimako,E,Emenike,IbezimakoEmenike@teleworm.us
Adaku,E,Onyemauchechukwu,AdakuOnyemauchechukwu@fleckens.hu
Nnabuife,N,Obijiaku,NnabuifeObijiaku@fleckens.hu
Nduru,O,Onyinyechukwuka,NduruOnyinyechukwuka@gustr.com
Chike,C,Golibe,ChikeGolibe@jourrapide.com
Chikwendu,M,Maduabuchim,ChikwenduMaduabuchim@teleworm.us
Chinwemma,C,Chike,ChinwemmaChike@rhyta.com
Olejuru,N,Mamelu,OlejuruMamelu@armyspy.com
Chizoba,I,Nkemakolam,ChizobaNkemakolam@cuvox.de
Chineze,N,Obiora,ChinezeObiora@dayrep.com
Chidinma,C,Chukwubuikem,ChidinmaChukwubuikem@rhyta.com
Chigbogu,R,Zinachukwudi,ChigboguZinachukwudi@teleworm.us
Adaoha,I,Beluchi,AdaohaBeluchi@rhyta.com
Chisom,U,Chidumaga,ChisomChidumaga@armyspy.com
Udokamma,O,Onwubiko,UdokammaOnwubiko@jourrapide.com
Kosisochukwu,Y,Onyemauchechukwu,KosisochukwuOnyemauchechukwu@cuvox.de
Olejuru,C,Chiefo,OlejuruChiefo@jourrapide.com
Onyemere,D,Ndubuisi,OnyemereNdubuisi@superrito.com
Chinelo,C,Ugoji,ChineloUgoji@cuvox.de
Adaeke,Z,Chimaijem,AdaekeChimaijem@einrot.com
Nkolika,A,Chiemezie,NkolikaChiemezie@einrot.com
Okorie,N,Chukwualuka,OkorieChukwualuka@einrot.com
Obiageli,N,Chigozie,ObiageliChigozie@dayrep.com
Onwuamaeze,A,Onwudiwe,OnwuamaezeOnwudiwe@teleworm.us
Odinakachukwu,C,Goliwe,OdinakachukwuGoliwe@rhyta.com
Adaora,N,Ibekwe,AdaoraIbekwe@jourrapide.com
Jeneta,C,Ndubuagha,JenetaNdubuagha@fleckens.hu
Onwughara,E,Ekwueme,OnwugharaEkwueme@jourrapide.com
Chiazagomekpere,N,Chidiegwu,ChiazagomekpereChidiegwu@dayrep.com
Chinenye,C,Chikere,ChinenyeChikere@teleworm.us
Ekwueme,C,Ibekwe,EkwuemeIbekwe@cuvox.de
Somayina,O,Yobachukwu,SomayinaYobachukwu@fleckens.hu
Ijeoma,I,Chiemezie,IjeomaChiemezie@superrito.com
Nworie,C,Chikwendu,NworieChikwendu@dayrep.com
Nnaemeka,O,Esomchi,NnaemekaEsomchi@gustr.com
Chiebuka,C,Nwokezuike,ChiebukaNwokezuike@cuvox.de
Beluchi,E,Chinwemma,BeluchiChinwemma@jourrapide.com
Ndubueze,U,Onuoha,NdubuezeOnuoha@einrot.com
Adaezennaya,O,Kwemtochukwu,AdaezennayaKwemtochukwu@jourrapide.com
Olisaemeka,E,Chiabuotu,OlisaemekaChiabuotu@fleckens.hu
Osonduagwuike,J,Chikere,OsonduagwuikeChikere@einrot.com
Uloma,C,Akubundu,UlomaAkubundu@armyspy.com
Sopuluchi,Y,Nwachukwu,SopuluchiNwachukwu@gustr.com
Amechi,N,Nkemakonam,AmechiNkemakonam@armyspy.com
Madueke,O,Onyekachi,MaduekeOnyekachi@cuvox.de
Chinasaekpere,A,Emenike,ChinasaekpereEmenike@gustr.com
Ijenuwa,G,Chigbogu,IjenuwaChigbogu@teleworm.us
Chikezie,C,Chiekwugo,ChikezieChiekwugo@gustr.com
Okwukwe,U,Chiwetelu,OkwukweChiwetelu@cuvox.de
Kelechi,A,Osinachi,KelechiOsinachi@jourrapide.com
Zikoranachukwudimma,A,Obidimkpa,ZikoranachukwudimmaObidimkpa@cuvox.de
Obidimkpa,O,Ejimofor,ObidimkpaEjimofor@armyspy.com
Akubundu,C,Akobundu,AkubunduAkobundu@teleworm.us
Tochukwu,N,Chukwujamuike,TochukwuChukwujamuike@cuvox.de
Madukwe,A,Olisaemeka,MadukweOlisaemeka@teleworm.us
Cheluchi,O,Osinachi,CheluchiOsinachi@armyspy.com
Chimsom,O,Madukaego,ChimsomMadukaego@fleckens.hu
Nwokeocha,A,Chidalu,NwokeochaChidalu@cuvox.de
Dike,A,Chidiegwu,DikeChidiegwu@armyspy.com
Somayina,S,Okwuadigbo,SomayinaOkwuadigbo@jourrapide.com
Uwakwe,S,Chidozie,UwakweChidozie@superrito.com
Ijeoma,C,Onwuamaegbu,IjeomaOnwuamaegbu@dayrep.com
Chimaraoke,E,Onwuamaegbu,ChimaraokeOnwuamaegbu@einrot.com
Chikelu,I,Akudinobi,ChikeluAkudinobi@cuvox.de
Chidalu,U,Chidozie,ChidaluChidozie@superrito.com
Onwuka,C,Iheatu,OnwukaIheatu@superrito.com
Nkemdilim,C,Ekwueme,NkemdilimEkwueme@fleckens.hu
Belonwu,C,Zikoranaudodimma,BelonwuZikoranaudodimma@fleckens.hu
Ikenna,C,Ozoemena,IkennaOzoemena@fleckens.hu
Chineze,U,Ugonna,ChinezeUgonna@rhyta.com
Dike,I,Chinwenma,DikeChinwenma@teleworm.us
Akudinobi,G,Ndubuisi,AkudinobiNdubuisi@teleworm.us
Adaeke,I,Onyemaechi,AdaekeOnyemaechi@dayrep.com
Nwanyibuife,Y,Maduabuchim,NwanyibuifeMaduabuchim@armyspy.com
Enyinnaya,C,Nwokezuike,EnyinnayaNwokezuike@einrot.com
Ijendu,C,Oguejiofor,IjenduOguejiofor@cuvox.de
Onwughara,I,Chigozie,OnwugharaChigozie@jourrapide.com
Onyeorulu,O,Chiazagomekpele,OnyeoruluChiazagomekpele@jourrapide.com
Nwabugwu,C,Otutodilinna,NwabugwuOtutodilinna@jourrapide.com
Ndidiamaka,C,Azubuike,NdidiamakaAzubuike@jourrapide.com
Chukwubuikem,I,Nwachinemelu,ChukwubuikemNwachinemelu@gustr.com
Olisanugo,I,Onwuemelie,OlisanugoOnwuemelie@cuvox.de
Ekwutosi,O,Amaechi,EkwutosiAmaechi@teleworm.us
Nkemdirim,I,Chimezie,NkemdirimChimezie@dayrep.com
Udokamma,O,Daluchi,UdokammaDaluchi@teleworm.us
Chidinma,Z,Ngozichukwuka,ChidinmaNgozichukwuka@jourrapide.com
Nkemdirim,A,Ugochukwutubelum,NkemdirimUgochukwutubelum@teleworm.us
Chukwueloka,Z,Chukwudi,ChukwuelokaChukwudi@superrito.com
Gboliwe,U,Onodugoadiegbemma,GboliweOnodugoadiegbemma@superrito.com
Uloma,I,Chiebuka,UlomaChiebuka@einrot.com
Anayolisa,I,Chidinma,AnayolisaChidinma@dayrep.com
Goliwe,C,Okonkwo,GoliweOkonkwo@cuvox.de
Adaku,O,Jibunoh,AdakuJibunoh@armyspy.com
Gwamniru,O,Obiuto,GwamniruObiuto@einrot.com
Eberechukwu,O,Chinwemma,EberechukwuChinwemma@fleckens.hu
Onyekachi,G,Chidinma,OnyekachiChidinma@fleckens.hu
Onwumelu,M,Madukwe,OnwumeluMadukwe@gustr.com
Ogechikamma,K,Onyemaechi,OgechikammaOnyemaechi@armyspy.com
Nkemakonam,O,Ekechukwu,NkemakonamEkechukwu@gustr.com
Nwoye,C,Obidimkpa,NwoyeObidimkpa@superrito.com
Chikwendu,C,Nwokezuike,ChikwenduNwokezuike@superrito.com
Onyemauchechukwu,C,Udokamma,OnyemauchechukwuUdokamma@fleckens.hu
Onyekaozulu,G,Chioke,OnyekaozuluChioke@cuvox.de
Chijindum,C,Onyemaechi,ChijindumOnyemaechi@armyspy.com
Mbadiwe,C,Enemuo,MbadiweEnemuo@cuvox.de
Chiabuotu,G,Madukaife,ChiabuotuMadukaife@gustr.com
Nkemdilim,U,Nebechukwu,NkemdilimNebechukwu@gustr.com
Osinachi,U,Chukwualuka,OsinachiChukwualuka@cuvox.de
Olisaemeka,N,Ibeamaka,OlisaemekaIbeamaka@jourrapide.com
Ukaegbulam,O,Belonwu,UkaegbulamBelonwu@fleckens.hu
Chiebuka,C,Chialuka,ChiebukaChialuka@teleworm.us
Obidimkpa,N,Ndubuagha,ObidimkpaNdubuagha@dayrep.com
Osinachi,K,Dumetochukwu,OsinachiDumetochukwu@einrot.com
Onyemauchechi,D,Chinonyelum,OnyemauchechiChinonyelum@dayrep.com
Jeneta,C,Uchechukwu,JenetaUchechukwu@dayrep.com
Mamelu,N,Ositadimma,MameluOsitadimma@rhyta.com
Ndubueze,A,Ukaegbunam,NdubuezeUkaegbunam@gustr.com
Okwuoma,C,Okagbue,OkwuomaOkagbue@gustr.com
Odinakachukwu,A,Onyemere,OdinakachukwuOnyemere@armyspy.com
Nnenna,Z,Iloabuchi,NnennaIloabuchi@einrot.com
Chienezie,U,Eberechukwu,ChienezieEberechukwu@fleckens.hu
Ozuluonye,I,Ejimofor,OzuluonyeEjimofor@superrito.com
Chidimma,N,Chukwubuikem,ChidimmaChukwubuikem@gustr.com
Mgbeke,M,Chukwumoge,MgbekeChukwumoge@teleworm.us
Onyinyechukwuka,C,Zikoranaudodimma,OnyinyechukwukaZikoranaudodimma@cuvox.de
Ugonnatubelum,O,Igwebuike,UgonnatubelumIgwebuike@gustr.com
Anayochukwu,O,Ejikemeifeuwa,AnayochukwuEjikemeifeuwa@einrot.com
Ujunwa,O,Chidiegwu,UjunwaChidiegwu@fleckens.hu
Ndukaku,C,Amadi,NdukakuAmadi@dayrep.com
Tochukwu,Z,Ugoji,TochukwuUgoji@cuvox.de
Adaoha,O,Nkemakolam,AdaohaNkemakolam@gustr.com
Onyemere,N,Chukwumoge,OnyemereChukwumoge@cuvox.de
Chukwukadibia,A,Daluchi,ChukwukadibiaDaluchi@gustr.com
Chigolum,C,Egobudike,ChigolumEgobudike@teleworm.us
Onyeorulu,E,Zikoranaudodimma,OnyeoruluZikoranaudodimma@einrot.com
Gwamniru,N,Chukwumaobim,GwamniruChukwumaobim@gustr.com
Nkiruka,O,Elechi,NkirukaElechi@rhyta.com
Chienezie,O,Chifo,ChienezieChifo@jourrapide.com
Udegbulam,C,Anenechukwu,UdegbulamAnenechukwu@rhyta.com
Onyekachukwu,R,Ifeatu,OnyekachukwuIfeatu@armyspy.com
Chibueze,O,Ozoemena,ChibuezeOzoemena@jourrapide.com
Anayolisa,A,Yobanna,AnayolisaYobanna@jourrapide.com
Chiemeka,C,Nebeuwa,ChiemekaNebeuwa@teleworm.us
Sopuluchukwu,I,Ofodile,SopuluchukwuOfodile@einrot.com
Chikwendu,Z,Chukwumaobim,ChikwenduChukwumaobim@teleworm.us
Daluchineke,N,Nwachukwu,DaluchinekeNwachukwu@fleckens.hu
Ginikanwa,N,Nwokezuike,GinikanwaNwokezuike@fleckens.hu
Chiganu,A,Jideofor,ChiganuJideofor@superrito.com
Chiawuotu,O,Ozuluonye,ChiawuotuOzuluonye@dayrep.com
Tobenna,U,Ikenna,TobennaIkenna@superrito.com
Otutodilichukwu,O,Chibugo,OtutodilichukwuChibugo@jourrapide.com
Dilibe,N,Onwudiwe,DilibeOnwudiwe@gustr.com
Chiebuka,C,Udokamma,ChiebukaUdokamma@jourrapide.com
Nnaife,E,Chukwukere,NnaifeChukwukere@rhyta.com
Iroawuchi,U,Kenechukwu,IroawuchiKenechukwu@einrot.com
Chidalu,M,Akudinobi,ChidaluAkudinobi@superrito.com
Obiajulu,O,Obialo,ObiajuluObialo@fleckens.hu
Obianuju,E,Ifeajuna,ObianujuIfeajuna@gustr.com
Chibueze,E,Daluchi,ChibuezeDaluchi@superrito.com
Elechi,N,Kaodilinakachukwu,ElechiKaodilinakachukwu@superrito.com
Otutodilichukwu,E,Onyemachukwu,OtutodilichukwuOnyemachukwu@cuvox.de
Chinelo,O,Chukwubuikem,ChineloChukwubuikem@armyspy.com
Chiamaka,C,Nwokike,ChiamakaNwokike@fleckens.hu
Onyeoruru,M,Mbanefo,OnyeoruruMbanefo@einrot.com
Sopuluchukwu,I,Nkemdirim,SopuluchukwuNkemdirim@gustr.com
Onwuka,E,Ndubuisi,OnwukaNdubuisi@dayrep.com
Yobachi,I,Ofodile,YobachiOfodile@einrot.com
Nnabuife,N,Kaodilinakachukwu,NnabuifeKaodilinakachukwu@cuvox.de
Tobeolisa,U,Kambinachi,TobeolisaKambinachi@teleworm.us
Chike,U,Yobachi,ChikeYobachi@superrito.com
Obialo,S,Onyemachukwu,ObialoOnyemachukwu@teleworm.us
Daluchineke,N,Maduabuchim,DaluchinekeMaduabuchim@armyspy.com
Chidubem,K,Onwubiko,ChidubemOnwubiko@fleckens.hu
Udobata,C,Nkemakolam,UdobataNkemakolam@teleworm.us
Oluchi,T,Onyemauchechukwu,OluchiOnyemauchechukwu@rhyta.com
Chidiebere,M,Nnonso,ChidiebereNnonso@dayrep.com
Kamdibe,C,Iheanacho,KamdibeIheanacho@dayrep.com
Chimaraoke,I,Obiajulu,ChimaraokeObiajulu@dayrep.com
Chibueze,U,Zikoranaudodimma,ChibuezeZikoranaudodimma@superrito.com
Yobachukwu,A,Nkemjika,YobachukwuNkemjika@gustr.com
Chifo,C,Onodugoadiegbemma,ChifoOnodugoadiegbemma@armyspy.com
Nwakego,S,Ojiofor,NwakegoOjiofor@rhyta.com
Ubanwa,A,Ibekwe,UbanwaIbekwe@superrito.com
Madukwe,O,Nnonso,MadukweNnonso@fleckens.hu
Olejuru,C,Ugonna,OlejuruUgonna@einrot.com
Onwughara,C,Olisaemeka,OnwugharaOlisaemeka@fleckens.hu
Ijeoma,C,Chidinma,IjeomaChidinma@rhyta.com
Olejuru,N,Nnamutaezinwa,OlejuruNnamutaezinwa@dayrep.com
Anenechukwu,N,Ikemefuna,AnenechukwuIkemefuna@fleckens.hu
Elechi,C,Akudinobi,ElechiAkudinobi@gustr.com
Chifo,O,Chidiegwu,ChifoChidiegwu@fleckens.hu
Kosisochukwu,C,Ngozichukwuka,KosisochukwuNgozichukwuka@superrito.com
Mukoso,C,Akubundu,MukosoAkubundu@jourrapide.com
Onyebuchi,K,Okoli,OnyebuchiOkoli@teleworm.us
Chiawuotu,O,Nweke,ChiawuotuNweke@dayrep.com
Okechukwu,O,Nwagugheuzo,OkechukwuNwagugheuzo@rhyta.com
Emenike,O,Tochukwu,EmenikeTochukwu@superrito.com
Chinwenma,O,Nwabugwu,ChinwenmaNwabugwu@gustr.com
Chimaobim,A,Onwuamaegbu,ChimaobimOnwuamaegbu@cuvox.de
Ubanwa,E,Chidozie,UbanwaChidozie@armyspy.com
Zikoranaudodimma,A,Nwebube,ZikoranaudodimmaNwebube@gustr.com
Afamefula,M,Chimaoke,AfamefulaChimaoke@armyspy.com
Ifeatu,I,Ozoemena,IfeatuOzoemena@dayrep.com
Chiefo,A,Akudinobi,ChiefoAkudinobi@gustr.com
Chigozie,C,Iloabuchi,ChigozieIloabuchi@fleckens.hu
Mbadiwe,S,Onwumelu,MbadiweOnwumelu@superrito.com
Ebelegbulam,C,Uchenna,EbelegbulamUchenna@armyspy.com
Zinachukwudi,C,Ogochukwu,ZinachukwudiOgochukwu@superrito.com
Chiagoziem,C,Madukwe,ChiagoziemMadukwe@gustr.com
Amarachukwu,C,Chinonyelum,AmarachukwuChinonyelum@jourrapide.com
Nebeuwa,C,Chiemeka,NebeuwaChiemeka@fleckens.hu
Iloabuchi,U,Chijioke,IloabuchiChijioke@jourrapide.com
Iloabuchi,M,Iroawuchi,IloabuchiIroawuchi@superrito.com
Chiekwugo,O,Amechi,ChiekwugoAmechi@dayrep.com
Obiuto,Y,Olisanugo,ObiutoOlisanugo@dayrep.com
Amaogechukwu,C,Chukwubuikem,AmaogechukwuChukwubuikem@superrito.com
Onyenachiya,C,Afamefuna,OnyenachiyaAfamefuna@armyspy.com
Nwebube,Y,Tochukwu,NwebubeTochukwu@armyspy.com
Nkechiyerem,O,Chiedozie,NkechiyeremChiedozie@gustr.com
Chinyere,K,Enyinnaya,ChinyereEnyinnaya@rhyta.com
Chikadibia,M,Somayina,ChikadibiaSomayina@gustr.com
Chidubem,U,Madukwe,ChidubemMadukwe@rhyta.com
Odili,C,Ebelechukwu,OdiliEbelechukwu@einrot.com
Nnamutaezinwa,D,Chinweike,NnamutaezinwaChinweike@armyspy.com
Odinakachukwu,O,Nebechukwu,OdinakachukwuNebechukwu@armyspy.com
Onyemachukwu,U,Chukwukadibia,OnyemachukwuChukwukadibia@gustr.com
Iroawuchi,U,Nnaife,IroawuchiNnaife@cuvox.de
Nebechi,C,Chikere,NebechiChikere@dayrep.com
Ijeoma,C,Onwuka,IjeomaOnwuka@dayrep.com
Sopuluchi,M,Nnabuife,SopuluchiNnabuife@jourrapide.com
Chukwumoge,Z,Obialo,ChukwumogeObialo@einrot.com
Ifeyinwa,C,Elewechi,IfeyinwaElewechi@cuvox.de
Osonduagwuike,G,Ibeabuchi,OsonduagwuikeIbeabuchi@dayrep.com
Chiefo,O,Diribe,ChiefoDiribe@dayrep.com
Kamdibe,S,Ndubuisi,KamdibeNdubuisi@superrito.com
Tochukwu,N,Chinagorom,TochukwuChinagorom@rhyta.com
Fumnanya,O,Nkemakolam,FumnanyaNkemakolam@cuvox.de
Chimaijem,Z,Onyekaozulu,ChimaijemOnyekaozulu@cuvox.de
Rapuluolisa,O,Rapuluchukwu,RapuluolisaRapuluchukwu@superrito.com
Chiawuotu,C,Ikedinachukwu,ChiawuotuIkedinachukwu@cuvox.de
Dumetolisa,A,Nwoye,DumetolisaNwoye@armyspy.com
Eluemuno,T,Ikemefuna,EluemunoIkemefuna@superrito.com
Obiageli,O,Diribe,ObiageliDiribe@superrito.com
Kosisochukwu,O,Ibekwe,KosisochukwuIbekwe@cuvox.de
Otutodilichukwu,A,Chinomso,OtutodilichukwuChinomso@teleworm.us
Yobachukwu,S,Iheanacho,YobachukwuIheanacho@jourrapide.com
Yobachi,I,Chibugo,YobachiChibugo@einrot.com
Otutodilichukwu,C,Chidubem,OtutodilichukwuChidubem@dayrep.com
Obioma,N,Onwughara,ObiomaOnwughara@rhyta.com
Tochukwu,C,Nwachukwu,TochukwuNwachukwu@superrito.com
Uwakwe,O,Abazu,UwakweAbazu@jourrapide.com
Chidiegwu,C,Chidiebele,ChidiegwuChidiebele@jourrapide.com
Onwuamaeze,O,Ifesinachi,OnwuamaezeIfesinachi@einrot.com
Nwadimkpa,O,Uwakwe,NwadimkpaUwakwe@jourrapide.com
Chiganu,I,Chikere,ChiganuChikere@gustr.com
Nwabugwu,U,Ugorji,NwabugwuUgorji@superrito.com
Nwora,M,Chimaraoke,NworaChimaraoke@dayrep.com
Chikelu,N,Chikwado,ChikeluChikwado@jourrapide.com
Iloerika,C,Zinachukwudi,IloerikaZinachukwudi@teleworm.us
Onuchukwu,C,Ngozichukwuka,OnuchukwuNgozichukwuka@einrot.com
Obialo,C,Ginikanwa,ObialoGinikanwa@fleckens.hu
Golibe,B,Diribe,GolibeDiribe@armyspy.com
Onyekaozulu,D,Nnaife,OnyekaozuluNnaife@cuvox.de
Ifeajuna,N,Ojiofor,IfeajunaOjiofor@jourrapide.com
Uchenna,O,Oluchi,UchennaOluchi@armyspy.com
Isioma,C,Onyemaechi,IsiomaOnyemaechi@einrot.com
Obiuto,E,Iweobiegbulam,ObiutoIweobiegbulam@teleworm.us
Chiemela,A,Kaodilinakachukwu,ChiemelaKaodilinakachukwu@gustr.com
Adaeze,C,Daluchi,AdaezeDaluchi@cuvox.de
Anayolisa,R,Chiwetelu,AnayolisaChiwetelu@cuvox.de
Olejuru,U,Tochukwu,OlejuruTochukwu@jourrapide.com
Chiemezie,Y,Obijiaku,ChiemezieObijiaku@fleckens.hu
Kamdibe,O,Chukwubuikem,KamdibeChukwubuikem@dayrep.com
Adaku,I,Okwuoma,AdakuOkwuoma@jourrapide.com
Ginikanwa,U,Goliwe,GinikanwaGoliwe@armyspy.com
Chimaraoke,I,Daluchi,ChimaraokeDaluchi@dayrep.com
Onyemauchechi,A,Nwagugheuzo,OnyemauchechiNwagugheuzo@armyspy.com
Adaku,K,Sopuluchi,AdakuSopuluchi@jourrapide.com
Daluchi,N,Dike,DaluchiDike@cuvox.de
Ikechukwu,C,Ebelegbulam,IkechukwuEbelegbulam@armyspy.com
Nwabude,U,Chidozie,NwabudeChidozie@gustr.com
Nwebube,N,Yobachi,NwebubeYobachi@fleckens.hu
Chiemela,O,Rapuluchukwu,ChiemelaRapuluchukwu@dayrep.com
Nkemjika,A,Chukwumoge,NkemjikaChukwumoge@einrot.com
Ngoli,C,Chibuzo,NgoliChibuzo@fleckens.hu
Nwagugheuzo,N,Okwudilichukwu,NwagugheuzoOkwudilichukwu@teleworm.us
Nwabugwu,A,Ukaegbulam,NwabugwuUkaegbulam@armyspy.com
Chikezie,L,Madueke,ChikezieMadueke@jourrapide.com
Adaobi,C,Enemuo,AdaobiEnemuo@dayrep.com
Mgbeke,N,Chidozie,MgbekeChidozie@teleworm.us
Ozioma,C,Uwaezuoke,OziomaUwaezuoke@cuvox.de
Ugoji,M,Ofodile,UgojiOfodile@cuvox.de
Nkechiyerem,Z,Chinweuba,NkechiyeremChinweuba@gustr.com
Chinwenma,M,Iloabuchi,ChinwenmaIloabuchi@cuvox.de
Tochukwu,M,Afamefuna,TochukwuAfamefuna@rhyta.com
Nkemdiniruka,I,Chiedozie,NkemdinirukaChiedozie@gustr.com
Ijeoma,C,Ugonnatubelum,IjeomaUgonnatubelum@superrito.com
Chinedum,O,Nwagugheuzo,ChinedumNwagugheuzo@einrot.com
Yobanna,N,Yobanna,YobannaYobanna@teleworm.us
Uzomma,C,Ifeajuna,UzommaIfeajuna@armyspy.com
Chieloka,O,Okwuadigbo,ChielokaOkwuadigbo@dayrep.com
Udegbunam,O,Nnaife,UdegbunamNnaife@armyspy.com
Zikoranachidimma,A,Ibezimako,ZikoranachidimmaIbezimako@teleworm.us
Amarachi,C,Elewechi,AmarachiElewechi@jourrapide.com
Chukwuebuka,J,Ekechukwu,ChukwuebukaEkechukwu@gustr.com
Nkemjika,A,Ajuluchukwu,NkemjikaAjuluchukwu@superrito.com
Nkemakonam,O,Uwaezuoke,NkemakonamUwaezuoke@gustr.com
Chigozie,K,Nweke,ChigozieNweke@gustr.com
Somadina,O,Chukwudi,SomadinaChukwudi@rhyta.com
Elewechi,R,Olisanugo,ElewechiOlisanugo@superrito.com
Nwoye,K,Ibezimako,NwoyeIbezimako@armyspy.com
Uzoamaka,I,Iloerika,UzoamakaIloerika@fleckens.hu
Kosisochukwu,O,Dumetolisa,KosisochukwuDumetolisa@einrot.com
Nkiruka,N,Ikechukwu,NkirukaIkechukwu@superrito.com
Cheluchi,N,Nnamutaezinwa,CheluchiNnamutaezinwa@dayrep.com
Chidinma,A,Onyeoruru,ChidinmaOnyeoruru@einrot.com
Ogechukwukamma,E,Beluchi,OgechukwukammaBeluchi@gustr.com
Obialo,K,Obinna,ObialoObinna@armyspy.com
Chijindum,I,Chieloka,ChijindumChieloka@teleworm.us
Onyeoruru,C,Kaodilinakachukwu,OnyeoruruKaodilinakachukwu@gustr.com
Onuora,E,Onodugoadiegbemma,OnuoraOnodugoadiegbemma@rhyta.com
Amaechi,O,Muomelu,AmaechiMuomelu@fleckens.hu
Chineze,O,Ubanwa,ChinezeUbanwa@armyspy.com
Chidimma,C,Udegbulam,ChidimmaUdegbulam@dayrep.com
Ifeanacho,E,Chukwuemeka,IfeanachoChukwuemeka@gustr.com
Iweobiegbulam,C,Dumetochukwu,IweobiegbulamDumetochukwu@jourrapide.com
Chinagorom,A,Ugochukwutubelum,ChinagoromUgochukwutubelum@armyspy.com
Nnenne,C,Obidimkpa,NnenneObidimkpa@teleworm.us
Emenike,C,Osonduagwuike,EmenikeOsonduagwuike@teleworm.us
Chiemeka,N,Ifeanacho,ChiemekaIfeanacho@teleworm.us
Mgbeke,C,Anenechi,MgbekeAnenechi@teleworm.us
Nnamutaezinwa,C,Chimaijem,NnamutaezinwaChimaijem@einrot.com
Ifesinachi,C,Nworie,IfesinachiNworie@armyspy.com
Nkemdilim,U,Obijiaku,NkemdilimObijiaku@superrito.com
Rapuluchukwu,M,Mamelu,RapuluchukwuMamelu@einrot.com
Okwuoma,O,Dilibe,OkwuomaDilibe@armyspy.com
Onwuemelie,O,Eluemuno,OnwuemelieEluemuno@cuvox.de
Chukwuhaenye,I,Kodilinyechukwu,ChukwuhaenyeKodilinyechukwu@dayrep.com
Ebelegbulam,O,Otutodilichukwu,EbelegbulamOtutodilichukwu@fleckens.hu
Ubanwa,O,Ndubuagha,UbanwaNdubuagha@jourrapide.com
Chidera,E,Azikiwe,ChideraAzikiwe@dayrep.com
Yobachi,N,Chizuoke,YobachiChizuoke@einrot.com
Ijendu,C,Maduabuchim,IjenduMaduabuchim@dayrep.com
Chukwumoge,O,Azubuike,ChukwumogeAzubuike@armyspy.com
Mukoso,A,Chiawuotu,MukosoChiawuotu@teleworm.us
Chinwemma,O,Chukwukere,ChinwemmaChukwukere@teleworm.us
Yobachi,N,Onwumelu,YobachiOnwumelu@dayrep.com
Okwuoma,N,Iweobiegbunam,OkwuomaIweobiegbunam@armyspy.com
Somayina,A,Nworie,SomayinaNworie@rhyta.com
Nkiruka,O,Obiajulu,NkirukaObiajulu@superrito.com
Obiuto,S,Gboliwe,ObiutoGboliwe@jourrapide.com
Oluchi,C,Onuoha,OluchiOnuoha@teleworm.us
Ndubuisi,C,Onyemauchechi,NdubuisiOnyemauchechi@gustr.com
Onyenachiya,C,Chukwubuikem,OnyenachiyaChukwubuikem@dayrep.com
Chizuoke,N,Okeke,ChizuokeOkeke@einrot.com
Nebeolisa,I,Onwughara,NebeolisaOnwughara@jourrapide.com
Onyinyechukwuka,M,Chinwemma,OnyinyechukwukaChinwemma@gustr.com
Nwachukwu,G,Chibugo,NwachukwuChibugo@einrot.com
Nnachetam,E,Onwughara,NnachetamOnwughara@cuvox.de
Chikwado,S,Kodilinyechukwu,ChikwadoKodilinyechukwu@cuvox.de
Ujunwa,C,Ifesinachi,UjunwaIfesinachi@cuvox.de
Adaku,U,Nnaemeka,AdakuNnaemeka@einrot.com
Nwamaka,Z,Jibunoh,NwamakaJibunoh@gustr.com
Onwudiwe,I,Onyemaechi,OnwudiweOnyemaechi@einrot.com
Ndulu,N,Obiajulu,NduluObiajulu@superrito.com
Rapuokwu,O,Ndubuisi,RapuokwuNdubuisi@rhyta.com
Chidinma,O,Nnamutaezinwa,ChidinmaNnamutaezinwa@rhyta.com
Chioke,A,Akubundu,ChiokeAkubundu@superrito.com
Chukwubuikem,N,Onochie,ChukwubuikemOnochie@armyspy.com
Afamefula,A,Emenike,AfamefulaEmenike@superrito.com
Yobachi,O,Onwudiwe,YobachiOnwudiwe@armyspy.com
Kaodilinakachukwu,O,Eberegbulam,KaodilinakachukwuEberegbulam@rhyta.com
Somadina,N,Chikere,SomadinaChikere@superrito.com
Chigolum,O,Ikechukwu,ChigolumIkechukwu@jourrapide.com
Chukwumaobim,U,Nworie,ChukwumaobimNworie@teleworm.us
Chiedozie,G,Onyemauchechukwu,ChiedozieOnyemauchechukwu@teleworm.us
Chinweike,O,Chinagorom,ChinweikeChinagorom@jourrapide.com
Chidalu,A,Kodilinyechukwu,ChidaluKodilinyechukwu@cuvox.de
Nwebube,A,Ojiofor,NwebubeOjiofor@fleckens.hu
Onyemaechi,N,Chiazagomekpele,OnyemaechiChiazagomekpele@armyspy.com
Lotachukwu,I,Onwudiwe,LotachukwuOnwudiwe@armyspy.com
Mgbeke,N,Ngozichukwuka,MgbekeNgozichukwuka@gustr.com
Chidiebele,R,Mbanefo,ChidiebeleMbanefo@jourrapide.com
Adamma,D,Ozuluonye,AdammaOzuluonye@einrot.com
Mbanefo,A,Igwebuike,MbanefoIgwebuike@rhyta.com
Yobachukwu,C,Goliwe,YobachukwuGoliwe@einrot.com
Onyemauchechukwu,C,Ekwueme,OnyemauchechukwuEkwueme@jourrapide.com
Odinakachi,C,Iloabuchi,OdinakachiIloabuchi@einrot.com
Chineze,K,Omeokachie,ChinezeOmeokachie@teleworm.us
Onyeoruru,O,Kwemtochukwu,OnyeoruruKwemtochukwu@superrito.com
Omeokachie,U,Kaodilinakachukwu,OmeokachieKaodilinakachukwu@rhyta.com
Akwaugo,C,Ikechukwu,AkwaugoIkechukwu@fleckens.hu
Ibekwe,A,Chinwemma,IbekweChinwemma@superrito.com
Onyemauchechi,C,Chukwumoge,OnyemauchechiChukwumoge@teleworm.us
Chidiebele,I,Nnabuife,ChidiebeleNnabuife@superrito.com
Ezinne,C,Onwuamaeze,EzinneOnwuamaeze@superrito.com
Enyinnaya,C,Udobata,EnyinnayaUdobata@superrito.com
Sopuluchukwu,O,Ibeabuchi,SopuluchukwuIbeabuchi@einrot.com
Otutodilinna,C,Goliwe,OtutodilinnaGoliwe@cuvox.de
Chiekwugo,N,Iloabuchi,ChiekwugoIloabuchi@fleckens.hu
Tochukwu,Z,Kwemto,TochukwuKwemto@teleworm.us
Goliwe,O,Nebechi,GoliweNebechi@jourrapide.com
Tochukwu,I,Nwokike,TochukwuNwokike@jourrapide.com
Chienezie,C,Onyemauchechi,ChienezieOnyemauchechi@gustr.com
Daluchi,U,Onochie,DaluchiOnochie@einrot.com
Adanma,Z,Iheanacho,AdanmaIheanacho@gustr.com
Chiefo,O,Iheatu,ChiefoIheatu@gustr.com
Chidubem,S,Ifeajuna,ChidubemIfeajuna@dayrep.com
Zikoranachidimma,C,Chukwumoge,ZikoranachidimmaChukwumoge@gustr.com
Ngozichukwuka,A,Chinomso,NgozichukwukaChinomso@jourrapide.com
Ekwueme,N,Amaechi,EkwuemeAmaechi@armyspy.com
Ugochukwutubelum,U,Ebelechukwu,UgochukwutubelumEbelechukwu@fleckens.hu
Somayina,E,Ugochukwu,SomayinaUgochukwu@armyspy.com
Otitodilichukwu,Y,Onyemere,OtitodilichukwuOnyemere@gustr.com
Izuchukwu,E,Odinakachi,IzuchukwuOdinakachi@einrot.com
Chiemenam,C,Ginikanwa,ChiemenamGinikanwa@superrito.com
Chukwuraenye,T,Nnabuife,ChukwuraenyeNnabuife@jourrapide.com
Obiora,O,Chidimma,ObioraChidimma@einrot.com
Udobata,E,Kanayochukwu,UdobataKanayochukwu@rhyta.com
Chimezie,N,Ibeamaka,ChimezieIbeamaka@rhyta.com
Otutodilinna,A,Chijioke,OtutodilinnaChijioke@superrito.com
Chinelo,N,Ugorji,ChineloUgorji@armyspy.com
Chiemenam,E,Iheatu,ChiemenamIheatu@superrito.com
Chialuka,B,Uwaezuoke,ChialukaUwaezuoke@rhyta.com
Akunna,I,Ositadimma,AkunnaOsitadimma@gustr.com
Chijindum,G,Osinachi,ChijindumOsinachi@fleckens.hu
Adamma,O,Onyenachiya,AdammaOnyenachiya@superrito.com
Ginikanwa,G,Chukwudi,GinikanwaChukwudi@jourrapide.com
Nkemdilim,N,Okorie,NkemdilimOkorie@armyspy.com
Mbanefo,C,Ibeamaka,MbanefoIbeamaka@dayrep.com
Rapuluchukwu,A,Amaechi,RapuluchukwuAmaechi@armyspy.com
Oguejiofor,S,Akubundu,OguejioforAkubundu@rhyta.com
Odinakachi,C,Onwughara,OdinakachiOnwughara@einrot.com
Gwamniru,M,Kwemtochukwu,GwamniruKwemtochukwu@teleworm.us
Chiemezie,O,Onyemauchechukwu,ChiemezieOnyemauchechukwu@jourrapide.com
Chiagoziem,N,Chikere,ChiagoziemChikere@superrito.com
Obialo,C,Okwuoma,ObialoOkwuoma@teleworm.us
Chiganu,C,Oguejiofor,ChiganuOguejiofor@cuvox.de
Obiora,N,Onyemere,ObioraOnyemere@einrot.com
Yobachi,A,Tobeolisa,YobachiTobeolisa@armyspy.com
Egobudike,E,Egobudike,EgobudikeEgobudike@fleckens.hu
Onwuka,O,Onwuamaeze,OnwukaOnwuamaeze@cuvox.de
Nnamdi,N,Chikere,NnamdiChikere@einrot.com
Ugorji,C,Osonduagwuike,UgorjiOsonduagwuike@teleworm.us
Nnamdi,C,Okechukwu,NnamdiOkechukwu@rhyta.com
Daluchineke,N,Chukwumaobim,DaluchinekeChukwumaobim@rhyta.com
Chidimma,K,Obiora,ChidimmaObiora@einrot.com
Onyemere,O,Chukwujamuike,OnyemereChukwujamuike@armyspy.com
Chiebuka,I,Kaodilinakachukwu,ChiebukaKaodilinakachukwu@armyspy.com
Omeokachie,C,Goliwe,OmeokachieGoliwe@cuvox.de
Anayolisa,U,Diribe,AnayolisaDiribe@armyspy.com
Ezinwa,E,Ndubuisi,EzinwaNdubuisi@superrito.com
Okagbue,N,Ifeanacho,OkagbueIfeanacho@einrot.com
Ofodile,O,Obiora,OfodileObiora@dayrep.com
Otitodilinna,C,Odili,OtitodilinnaOdili@gustr.com
Uwakwe,A,Okwukwe,UwakweOkwukwe@gustr.com
Anayochukwu,A,Chinonyelum,AnayochukwuChinonyelum@teleworm.us
Okwuoma,C,Nworie,OkwuomaNworie@einrot.com
Okwuoma,C,Ikechukwu,OkwuomaIkechukwu@fleckens.hu
Uwaezuoke,I,Zikoranachukwudimma,UwaezuokeZikoranachukwudimma@cuvox.de
Chukwubuikem,I,Chimaobim,ChukwubuikemChimaobim@fleckens.hu
Obiuto,E,Nkemakonam,ObiutoNkemakonam@superrito.com
Obinna,A,Kambinachi,ObinnaKambinachi@jourrapide.com
Onyemauchechi,N,Chienezie,OnyemauchechiChienezie@dayrep.com
Ndubuagha,C,Osonduagwuike,NdubuaghaOsonduagwuike@fleckens.hu
Okwudilichukwu,N,Madukaife,OkwudilichukwuMadukaife@superrito.com
Yobachi,C,Okechukwu,YobachiOkechukwu@jourrapide.com
Adaoha,O,Ofodile,AdaohaOfodile@superrito.com
Chidinma,C,Chukwueloka,ChidinmaChukwueloka@rhyta.com
Chiagoziem,I,Onuora,ChiagoziemOnuora@teleworm.us
Chidinma,N,Nworie,ChidinmaNworie@einrot.com
Nnaife,N,Chinedum,NnaifeChinedum@einrot.com
Ezinwa,I,Ogbonnaya,EzinwaOgbonnaya@superrito.com
Anenechukwu,S,Chukwujamuike,AnenechukwuChukwujamuike@dayrep.com
Cheluchi,O,Chidalu,CheluchiChidalu@teleworm.us
Oluchukwu,C,Chienezie,OluchukwuChienezie@jourrapide.com
Diribe,U,Otitodilichukwu,DiribeOtitodilichukwu@einrot.com
Chijindum,N,Abazu,ChijindumAbazu@teleworm.us
Nnaemeka,E,Chijioke,NnaemekaChijioke@gustr.com
Onuchukwu,O,Chikere,OnuchukwuChikere@armyspy.com
Nkemdiniruka,N,Chiemela,NkemdinirukaChiemela@teleworm.us
Onyemauchechi,A,Onyemauchechukwu,OnyemauchechiOnyemauchechukwu@fleckens.hu
Urunwa,K,Udobata,UrunwaUdobata@armyspy.com
Esomchi,C,Chibuzo,EsomchiChibuzo@cuvox.de
Madukwe,O,Ifesinachi,MadukweIfesinachi@fleckens.hu
Chineze,E,Ifeajuna,ChinezeIfeajuna@teleworm.us
Chidimma,O,Tobenna,ChidimmaTobenna@cuvox.de
Chidi,C,Ekechukwu,ChidiEkechukwu@superrito.com
Nkemdilim,U,Nwachukwu,NkemdilimNwachukwu@cuvox.de
Rapuluchukwu,O,Oguejiofor,RapuluchukwuOguejiofor@jourrapide.com
Adaeke,A,Nkemdirim,AdaekeNkemdirim@fleckens.hu
Chinenye,C,Chiemeka,ChinenyeChiemeka@gustr.com
Kanayochukwu,K,Madukwe,KanayochukwuMadukwe@gustr.com
Nkemakonam,U,Uchenna,NkemakonamUchenna@fleckens.hu
Isioma,M,Chizuoke,IsiomaChizuoke@teleworm.us
Adamma,O,Nwachinemelu,AdammaNwachinemelu@dayrep.com
Okwuoma,I,Onwuemelie,OkwuomaOnwuemelie@fleckens.hu
Ezinma,O,Chibugo,EzinmaChibugo@jourrapide.com
Kamdibe,C,Okwudiliolisa,KamdibeOkwudiliolisa@armyspy.com
Tobeolisa,N,Sochima,TobeolisaSochima@armyspy.com
Adanma,C,Ndubuisi,AdanmaNdubuisi@armyspy.com
Chikelu,A,Iloabuchi,ChikeluIloabuchi@superrito.com
Golibe,A,Ndubuisi,GolibeNdubuisi@armyspy.com
Tobeolisa,Y,Kenechukwu,TobeolisaKenechukwu@teleworm.us
Chinedum,C,Chineze,ChinedumChineze@superrito.com
Obijiaku,O,Afamefuna,ObijiakuAfamefuna@armyspy.com
Sopuluchukwu,O,Obijiaku,SopuluchukwuObijiaku@einrot.com
Okoli,F,Chinwendu,OkoliChinwendu@armyspy.com
Chiwetelu,C,Chidumaga,ChiweteluChidumaga@einrot.com
Nkemakolam,O,Kenenna,NkemakolamKenenna@rhyta.com
Amaechi,S,Chiemeka,AmaechiChiemeka@superrito.com
Elewechi,C,Kaodilinakachukwu,ElewechiKaodilinakachukwu@dayrep.com
Onyeorulu,O,Chidimma,OnyeoruluChidimma@einrot.com
Nwokeocha,N,Chukwunonso,NwokeochaChukwunonso@cuvox.de
Nkiruka,N,Onwuemelie,NkirukaOnwuemelie@einrot.com
Chijindum,C,Chukwufumnanya,ChijindumChukwufumnanya@fleckens.hu
Okoli,A,Ogbonnaya,OkoliOgbonnaya@cuvox.de
Chinedum,C,Okorie,ChinedumOkorie@jourrapide.com
Sopuluchukwu,U,Ofodile,SopuluchukwuOfodile@dayrep.com
Oguejiofor,I,Nwokezuike,OguejioforNwokezuike@superrito.com
Chiebuka,O,Onwumelu,ChiebukaOnwumelu@einrot.com
Ujunwa,U,Anenechukwu,UjunwaAnenechukwu@einrot.com
Onyekachukwu,C,Chukwuma,OnyekachukwuChukwuma@fleckens.hu
Sochima,E,Ugorji,SochimaUgorji@jourrapide.com
Nkemdirim,O,Chiemeka,NkemdirimChiemeka@superrito.com
Chinwenma,C,Chiagoziem,ChinwenmaChiagoziem@einrot.com
Chiekwugo,A,Onwubiko,ChiekwugoOnwubiko@gustr.com
Madukwe,C,Odili,MadukweOdili@teleworm.us
Chikadibia,C,Yobanna,ChikadibiaYobanna@cuvox.de
Okeke,U,Ugoji,OkekeUgoji@teleworm.us
Chinweuba,C,Yobachi,ChinweubaYobachi@teleworm.us
Amechi,E,Kambinachi,AmechiKambinachi@einrot.com
Gboliwe,O,Chidozie,GboliweChidozie@superrito.com
Okoli,C,Omeokachie,OkoliOmeokachie@gustr.com
Chiazagomekpere,N,Chukwualuka,ChiazagomekpereChukwualuka@jourrapide.com
Chukwukadibia,O,Nwora,ChukwukadibiaNwora@armyspy.com
Chiwetelu,N,Dilibe,ChiweteluDilibe@teleworm.us
Ifesinachi,C,Onyekachukwu,IfesinachiOnyekachukwu@jourrapide.com
Zikoranachukwudimma,C,Belonwu,ZikoranachukwudimmaBelonwu@gustr.com
Chinagorom,N,Chigbogu,ChinagoromChigbogu@superrito.com
Rapuokwu,K,Nkemjika,RapuokwuNkemjika@armyspy.com
Chukwualuka,U,Ugochukwu,ChukwualukaUgochukwu@gustr.com
Chukwueloka,M,Nwora,ChukwuelokaNwora@armyspy.com
Ifeajuna,N,Iloabuchi,IfeajunaIloabuchi@gustr.com
Otutodilichukwu,M,Chinonyelum,OtutodilichukwuChinonyelum@rhyta.com
Nnaemeka,C,Udegbunam,NnaemekaUdegbunam@armyspy.com
Igwebuike,U,Ngozichukwuka,IgwebuikeNgozichukwuka@armyspy.com
Chinedum,E,Onyemere,ChinedumOnyemere@dayrep.com
Anenechukwu,A,Ositadimma,AnenechukwuOsitadimma@einrot.com
Sopuluchukwu,U,Chimaijem,SopuluchukwuChimaijem@dayrep.com
Achebe,O,Chikezie,AchebeChikezie@teleworm.us
Nkemjika,O,Ozuluonye,NkemjikaOzuluonye@fleckens.hu
Nnamutaezinwa,E,Ifeatu,NnamutaezinwaIfeatu@dayrep.com
Chukwunonso,C,Ugochukwu,ChukwunonsoUgochukwu@teleworm.us
Onyeoruru,E,Ekechukwu,OnyeoruruEkechukwu@armyspy.com
Chinecherem,N,Nnabuife,ChinecheremNnabuife@teleworm.us
Onaedo,C,Nwachinemelu,OnaedoNwachinemelu@einrot.com
Nduru,K,Okeke,NduruOkeke@jourrapide.com
Elewechi,O,Chikere,ElewechiChikere@gustr.com
Kodilinyechukwu,N,Iloabuchi,KodilinyechukwuIloabuchi@dayrep.com
Eberechukwu,I,Daluchi,EberechukwuDaluchi@armyspy.com
Amaka,E,Obialo,AmakaObialo@cuvox.de
Ikenna,I,Chikwado,IkennaChikwado@cuvox.de
Akuabia,I,Okwukwe,AkuabiaOkwukwe@gustr.com
Chiagoziem,O,Madueke,ChiagoziemMadueke@einrot.com
Obijiaku,C,Ogbonnaya,ObijiakuOgbonnaya@armyspy.com
Udokamma,O,Ugoji,UdokammaUgoji@rhyta.com
Akumjeli,O,Sochima,AkumjeliSochima@dayrep.com
Chibuzo,U,Igwebuike,ChibuzoIgwebuike@cuvox.de
Chimsom,O,Obijiaku,ChimsomObijiaku@armyspy.com
Otutodilinna,E,Chidinma,OtutodilinnaChidinma@gustr.com
Obioma,O,Chibuzo,ObiomaChibuzo@gustr.com
Elechi,O,Onyemauchechukwu,ElechiOnyemauchechukwu@einrot.com
Chibuzo,C,Olejuru,ChibuzoOlejuru@teleworm.us
Chinemeremma,S,Nnaemeka,ChinemeremmaNnaemeka@gustr.com
Obialo,C,Obiuto,ObialoObiuto@armyspy.com
Ndubuisi,C,Igwebuike,NdubuisiIgwebuike@teleworm.us
Iloerika,U,Zikoranachukwudimma,IloerikaZikoranachukwudimma@armyspy.com
Ebelegbulam,N,Chike,EbelegbulamChike@rhyta.com
Ikechukwu,E,Mbanefo,IkechukwuMbanefo@teleworm.us
Chinedum,Z,Nwokezuike,ChinedumNwokezuike@gustr.com
Okorie,N,Nebechi,OkorieNebechi@fleckens.hu
Adaoha,C,Onyekachukwu,AdaohaOnyekachukwu@dayrep.com
Nworie,C,Akabueze,NworieAkabueze@einrot.com
Chukwuraenye,C,Oguejiofor,ChukwuraenyeOguejiofor@cuvox.de
Zikoranachidimma,U,Chiazagomekpere,ZikoranachidimmaChiazagomekpere@superrito.com
Chinwendu,C,Ifeajuna,ChinwenduIfeajuna@einrot.com
Daluchineke,C,Azubuike,DaluchinekeAzubuike@jourrapide.com
Nebeolisa,I,Chiefo,NebeolisaChiefo@jourrapide.com
Ajuluchukwu,U,Onyemaechi,AjuluchukwuOnyemaechi@fleckens.hu
Ukamaka,C,Chigozie,UkamakaChigozie@einrot.com
Nkemakolam,N,Okwudiliolisa,NkemakolamOkwudiliolisa@dayrep.com
Otutodilichukwu,Y,Amaechi,OtutodilichukwuAmaechi@rhyta.com
Olisanugo,S,Chidiegwu,OlisanugoChidiegwu@dayrep.com
Kamdibe,C,Chibueze,KamdibeChibueze@armyspy.com
Chidi,N,Onwughara,ChidiOnwughara@dayrep.com
Obiuto,E,Onuchukwu,ObiutoOnuchukwu@dayrep.com
Onyeorulu,C,Ngozichukwuka,OnyeoruluNgozichukwuka@dayrep.com
Amaechi,U,Chieloka,AmaechiChieloka@armyspy.com
Olisaemeka,C,Iheatu,OlisaemekaIheatu@jourrapide.com
Somadina,C,Anenechi,SomadinaAnenechi@fleckens.hu
Ozoemena,C,Anayolisa,OzoemenaAnayolisa@einrot.com
Rapuluolisa,O,Nwoye,RapuluolisaNwoye@cuvox.de
Nwabugwu,E,Madukaego,NwabugwuMadukaego@gustr.com
Uwaezuoke,O,Ginikanwa,UwaezuokeGinikanwa@fleckens.hu
Isioma,O,Sochima,IsiomaSochima@jourrapide.com
Amaogechukwu,A,Ejimofor,AmaogechukwuEjimofor@dayrep.com
Kenechi,E,Jibunoh,KenechiJibunoh@teleworm.us
Uchechukwu,O,Iheatu,UchechukwuIheatu@teleworm.us
Nwanyibuife,O,Ugonna,NwanyibuifeUgonna@dayrep.com
Ifeanacho,O,Sochima,IfeanachoSochima@jourrapide.com
Udegbunam,A,Chinwendu,UdegbunamChinwendu@dayrep.com
Nkiliejiafo,I,Eberechukwu,NkiliejiafoEberechukwu@cuvox.de
Chijindum,A,Esomchi,ChijindumEsomchi@fleckens.hu
Akubundu,N,Chidalu,AkubunduChidalu@superrito.com
Nwanneka,I,Elewechi,NwannekaElewechi@cuvox.de
Elewechi,Y,Onodugoadiegbemma,ElewechiOnodugoadiegbemma@cuvox.de
Muomelu,C,Chimaraoke,MuomeluChimaraoke@armyspy.com
Eluemuno,C,Dilibe,EluemunoDilibe@gustr.com
Odinakachukwu,O,Onwumelu,OdinakachukwuOnwumelu@dayrep.com
Ikemefuna,N,Chimaoke,IkemefunaChimaoke@teleworm.us
