Email,CountryCode,LocalNumber,FirstName,LastName
zmiller@joseph.co.za,27,478779018,Deon,Van Den Berg
oberholzer.gugulethu@yahoo.com,27,459785096,Louis,Koen
elizabeth37@yahoo.com,27,532444846,Bradley,Snyman
kmdluli@webmail.co.za,27,317623281,Nonhlanhla,Dube
kgomotso.bennett@olivier.web.za,27,497752263,Ernest,Moore
frans34@yahoo.com,27,119356841,Mandla,Wolmarans
ecele@mathebula.fs.school.za,27,535088235,Morné,Oliver
naicker.kgomotso@grobler.ecape.school.za,27,354480110,Brian,Andrews
deborah.ferreira@vodamail.co.za,27,240441441,nompumelelo,Ndlovu
bongani29@yahoo.com,27,222167327,Henry,Wright
pierre.ahmed@magagula.co.za,27,244304293,Carla,Reddy
swartz.mogamat@gmail.com,27,458476623,nompumelelo,Matthews
cassim.karin@hotmail.com,27,544594302,Gary,Mthombeni
khan.palesa@hlophe.co.za,27,572535294,Ntokozo,Street
omaharaj@manuel.org.za,27,539345605,Rodney,Mogale
vcooper@vodamail.co.za,27,155724012,Louis,Moosa
nzimande.thandi@harrison.nw.school.za,27,532007265,Theresa,Fortuin
bezuidenhout.juanita@dejager.gp.school.za,27,272447657,Mario,Grobler
pierre.buys@webmail.co.za,27,283664814,Thulani,Van Wyk
adrian44@mnisi.nom.za,27,315924825,Bronwyn,Beukes
kim04@sibiya.nis.za,27,116657774,Colleen,Phillips
ebarnard@mpofu.ncape.school.za,27,431879860,Louise,Fisher
cronje.teboho@vodamail.co.za,27,534879163,Thabo,Kleynhans
roberts.nico@ngema.kzn.school.za,27,177690901,Dimakatso,Mkhabela
smoonsamy@samuels.agric.za,27,438623080,Nonkululeko,Kunene
sibiya.gabriel@gouws.wcape.school.za,27,271759174,Anton,Nieuwoudt
gdavid@cupido.co.za,27,454826168,mashudu,Kubheka
denise.wessels@yahoo.com,27,164817059,Clifford,Fredericks
vernon.hill@webmail.co.za,27,277450868,bulelwa,Kumalo
william.slabbert@vodamail.co.za,27,225262852,Nicola,Motloung
harmse.ursula@vodamail.co.za,27,428829159,Edwin,Bennett
botes.lerato@gmail.com,27,540826693,karabo,Morgan
christian20@yahoo.com,27,424834963,Dean,Lawrence
esamuels@swart.school.za,27,270870101,Lungile,Mogale
shawn46@vodamail.co.za,27,540223341,Jacobus,Taljaard
thando.parker@vodamail.co.za,27,474490789,Adriaan,Potgieter
monica09@muller.org.za,27,112872411,Warren,van Tonder
rmulaudzi@gmail.com,27,424356237,Personal,Viljoen
fikile.moodley@vodamail.co.za,27,412286978,refiloe,Msibi
bianca.mokone@turner.com,27,229408833,Donald,Molefe
jones.debbie@yahoo.com,27,561235800,Samuel,Swanepoel
naude.dimakatso@mudau.wcape.school.za,27,215730884,kelebogile,Nene
thandi.naicker@maphumulo.lp.school.za,27,167581509,Heidi,van der Linde
mashudu.mkhize@webmail.co.za,27,561902533,Brett,Lourens
ncube.jan@hotmail.com,27,538038562,Debbie,Hughes
lloyd.makhanya@webmail.co.za,27,173213944,Andiswa,Truter
arnold99@hendricks.ac.za,27,318806614,babalwa,Jooste
kagiso.debruin@hotmail.com,27,475100430,Francis,Chauke
nhlanhla.naidu@neethling.nw.school.za,27,123033675,Edward,Mashego
rkhosa@pieterse.edu.za,27,147611419,Adele,Wood
ingrid39@nxumalo.kzn.school.za,27,215446900,Elaine,Swart
juanita72@hotmail.com,27,579370934,Dennis,Green
hyoung@pather.co.za,27,353047322,Tebogo,Brown
stanley.madlala@maleka.kzn.school.za,27,470949793,Brian,Matthews
gloria55@gmail.com,27,459229135,Herman,Sibeko
louw.your@hotmail.com,27,569699135,Bernard,Coetzer
grace82@webmail.co.za,27,364370019,Esther, Hadebe
robinson.michael@yahoo.com,27,125319587,Anita,Adonis
sean37@hotmail.com,27,172474759,Nosipho,Lee
nonhlanhla42@hotmail.com,27,132450122,Sibusiso,Bekker
nick46@govender.fs.school.za,27,471944216,Samuel,Maree
fvisser@vodamail.co.za,27,142877819,Megan,Esterhuizen
pillay.angela@yahoo.com,27,548968586,Victoria,Dreyer
rschmidt@bailey.mil.za,27,491480438,Herman,Moloto
miss90@hotmail.com,27,494212348,Esther, Africa
arobertson@grobbelaar.co.za,27,180223817,Kyle,Mlangeni
kekana.steve@webmail.co.za,27,185451783,Nicola,Maseko
dumisani25@hotmail.com,27,583105037,Desmond,Hlongwane
jnaude@hotmail.com,27,232727198,andries,Samuels
hnel@hotmail.com,27,128907635,David,King
rnortje@hotmail.com,27,127795355,Shirley,Botes
duduzile38@hotmail.com,27,356552162,Zandile,Barnard
gerhard.samuels@harrison.mil.za,27,575448486,Timothy,Mokone
deklerk.morne@gmail.com,27,284480430,Ryan,Roberts
thato80@bell.net.za,27,567133512,Nicolaas,Kekana
jeremy.duma@bosch.mpm.za,27,126293120,Kagiso,Scheepers
bcilliers@debruin.com,27,123952345,Lebohang,Manamela
qpillay@khan.web.za,27,471253317,Fikile,Mokwena
bailey.mandla@hotmail.com,27,184934189,Anthea,Mtsweni
majola.gugu@buthelezi.lp.school.za,27,574892186,Nokuthula,Masango
mohammed71@vodamail.co.za,27,277895217,Ernest,Saunders
ernest91@vodamail.co.za,27,438248668,Thulani,Masilela
cassim.andries@murray.edu.za,27,153000628,Lynette,Brown
pieter81@mudau.lp.school.za,27,367490983,Anne,Blignaut
jnkosi@vodamail.co.za,27,560675603,Dineo,Bekker
mavuso.kyle@mabaso.nom.za,27,356826740,Dumisani,Nkomo
mavuso.anna@yahoo.com,27,158127427,John,Nkomo
joe.sibanda@yahoo.com,27,492237599,Lee-ann,Moonsamy
kyle27@yahoo.com,27,167811762,vusi,Mokoena
malcolm35@vodamail.co.za,27,421845520,Mandisa,Mokwena
siphokazi35@webmail.co.za,27,317226660,Your,Perumal
zvaneeden@singh.kzn.school.za,27,582887083,Veronica,Britz
contact64@vodamail.co.za,27,226243878,Julian,Evans
boitumelo59@vodamail.co.za,27,352998350,Aubrey,Moloto
sharon87@webmail.co.za,27,449124342,Nozipho,Pieterse
carel16@baloyi.wcape.school.za,27,518705324,Garth,Davis
abraham11@mabasa.net,27,576463156,Mary,Green
elizabeth29@nene.net.za,27,519540278,Thandi,Cele
takalani.nkabinde@tshabalala.agric.za,27,479145553,Shane,Du Preez
lydia78@vodamail.co.za,27,281053608,Abigail,da Silva
warren20@hotmail.com,27,128353331,Phindile, Peters
maleka.tracy@gmail.com,27,184504362,Nkosinathi,Nkabinde
imadonsela@engelbrecht.lp.school.za,27,154501314,Janet,Kotze
christina97@morris.grondar.za,27,272046286,Claire,da Silva
ewright@vodamail.co.za,27,577011497,Christo,Phillips
nradebe@brink.org.za,27,280882923,Pierre,Greeff
yvette11@khan.com,27,362602295,Donald,Kruger
umabuza@vandenberg.ac.za,27,241229249,Lauren,Masango
tnaude@vodamail.co.za,27,186909598,Grace,Mashele
siyabonga.mdluli@gmail.com,27,117274836,Louis,Mulaudzi
sibanda.angela@khoza.wcape.school.za,27,183395078,Colin,Masuku
malinga.sharon@vermeulen.web.za,27,330472402,Rob,Jacobs
fnaicker@hotmail.com,27,112345038,Antoinette,Hill
gmulder@gmail.com,27,369368888,marthinus,Venter
ellis.nozipho@gerber.co.za,27,485175118,Malcolm,Modise
ldavis@yahoo.com,27,365631198,Busisiwe,Ntshangase
rvanaswegen@mofokeng.co.za,27,442026769,Ruth,Ndlovu
theresa40@yahoo.com,27,411878707,Tasneem,Mulder
cmabuza@khumalo.grondar.za,27,328184205,Vanessa,Ncube
melanie62@davids.co.za,27,311641352,Clive,Ellis
vandenberg.samantha@ally.gov.za,27,464446313,Dave,Masemola
nelson.angelique@webmail.co.za,27,347588472,Lynn,Vorster
clinton.paul@strauss.gp.school.za,27,542122743,Anita,Wolmarans
beverley02@hoosen.nis.za,27,487478705,Martin,Mkhwanazi
ngerber@webmail.co.za,27,213905327,Lee,Moonsamy
taryn90@yahoo.com,27,168078938,Marc,Simpson
lmpofu@matlala.agric.za,27,134347218,thandi,Potgieter
frederick.mashego@gmail.com,27,324926333,Zandile,Chauke
denise08@willemse.co.za,27,549254684,Zandile,Matthews
jacobus16@yahoo.com,27,410602197,Anna,Zungu
gnzimande@gmail.com,27,569260730,Thomas,Adonis
nyathi.ricardo@mogale.gp.school.za,27,548995354,Lawrence,Moagi
radebe.jason@webmail.co.za,27,579972958,Cynthia,Scholtz
boitumelo03@adam.ncape.school.za,27,412647143,Benjamin,Madonsela
clifford11@cilliers.nw.school.za,27,440641397,Kobus,Matthews
nferreira@vandyk.agric.za,27,589389738,Simon,Xaba
next01@hotmail.com,27,151932959,Antoinette,Viljoen
myburgh.simphiwe@yahoo.com,27,485477600,Alexander,Morris
uwright@vodamail.co.za,27,173904574,Danielle,Xaba
craig28@gmail.com,27,111963196,Mohammed,Horn
nozipho27@naicker.edu.za,27,133695474,Mashudu,Pienaar
deon.mohale@patel.mpm.za,27,189412873,Tania,Banda
fbuys@ndlovu.mpm.za,27,429977012,Isaac,Ndlovu
kntshangase@gmail.com,27,548130713,Nompumelelo,Perumal
esterhuizen.alicia@coetzer.ecape.school.za,27,344574679,Gugulethu,Blignaut
tania88@murray.ecape.school.za,27,282466318,Rodney,Williams
your.engelbrecht@harrison.lp.school.za,27,475356852,Jerome,Nkosi
zulu.nadine@rikhotso.nw.school.za,27,287123850,Wesley,Thomas
tbenjamin@venter.school.za,27,477467629,Clinton,Gerber
amurray@peters.grondar.za,27,173986671,Jeffrey,Stander
mkhize.sharon@webmail.co.za,27,512776019,Bianca,Francis
qbarnes@muller.net,27,158351364,Mandy,Ellis
davies.ronel@yahoo.com,27,417041930,Zama,Nhlapo
charlene.shongwe@gmail.com,27,516081985,Garth,Petersen
wbezuidenhout@chauke.net.za,27,425542205,Fatima,Van Zyl
odebruin@mpofu.law.za,27,174748436,Fikile,September
mlangeni.vusi@hotmail.com,27,345971096,Zelda,Burger
shezi.frederick@vandermerwe.net,27,163168739,Monique,Phillips
tshegofatso.jansenvanrensburg@webmail.co.za,27,512719108,Siphokazi,Jacobs
thwala.bulelwa@vodamail.co.za,27,130430270,Elizabeth,Marais
pietersen.nicolaas@maluleka.school.za,27,461779742,contact,Dreyer
refilwe.bosman@vodamail.co.za,27,369792547,Brian,Moosa
marthinus41@visagie.ecape.school.za,27,134961144,Bernard,Vermeulen
smohlala@vanschalkwyk.web.za,27,123654896,Clint,Ahmed
godfrey49@ally.edu.za,27,287068029,Ingrid,da Silva
uvandenberg@mkhize.ecape.school.za,27,432813312,Francois,Botes
sandile.saunders@yahoo.com,27,224140529,sibongile,Benjamin
robyn71@yahoo.com,27,337110145,Megan,Mabasa
ocassim@uys.nom.za,27,350965579,Nigel,Van Heerden
ddlamini@hotmail.com,27,410024066,Christine,Paul
godfrey22@webmail.co.za,27,142565060,Antoinette,Morgan
nigel39@mavuso.ecape.school.za,27,485288309,Brenda,Tladi
mary.brand@yahoo.com,27,280343761,Ingrid,Solomon
xbeukes@gmail.com,27,471107955,Debbie,Brink
thandi83@oberholzer.net,27,549809126,Roger,Edwards
bmahlangu@gmail.com,27,315006942,Sibongile,Edwards
bmkhabela@webmail.co.za,27,448088062,Albert,Cronje
mchunu.juan@mlangeni.gp.school.za,27,417649458,Priscilla,Phillips
kmabasa@webmail.co.za,27,213024661,Jean,Joseph
boitumelo.mokoena@gmail.com,27,311990226,Nicole,Horn
ohoosen@joubert.fs.school.za,27,492488105,Gabriel,Gounden
amanda85@maluleka.co.za,27,222095983,Nonkululeko,Moses
simpson.pearl@yahoo.com,27,114961744,Danielle,Anthony
thulani.marshall@gmail.com,27,146791444,Tania,Mkhwanazi
eric79@harris.fs.school.za,27,243920696,Itumeleng,Miya
jeremy15@britz.net.za,27,356661046,Alexander,Lubbe
malatji.andre@oosthuizen.co.za,27,289928381,Andries,Madonsela
estelle.vosloo@webmail.co.za,27,155643735,Theresa,Nell
craig.ntuli@richards.school.za,27,232502352,Jackie,Duma
gavin.botha@collins.com,27,237524903,Hannes,Roberts
zwane.stefan@hendricks.nom.za,27,364934966,Anthony,Makhanya
maureen.zondi@vodamail.co.za,27,187298451,Lesley,Adam
eugene84@yahoo.com,27,312834267,Tshepiso,Scheepers
ursula.greeff@webmail.co.za,27,243798497,Tumelo,Jooste
ymarais@yahoo.com,27,366529595,Rebecca,Nel
sizwe.kok@vodamail.co.za,27,584177862,Siphokazi,Muller
booysen.lucas@mbatha.org.za,27,451290666,jacobus,Moore
mogale.barend@vodamail.co.za,27,546926183,Nosipho,Joubert
botes.deon@green.gp.school.za,27,245987913,Shirley,Du Preez
hwolmarans@webmail.co.za,27,223310003,yolandi,Mlambo
francis27@webmail.co.za,27,222497022,Antoinette,Madonsela
gventer@mtshali.law.za,27,564392982,Mr., Mthombeni
psingh@hotmail.com,27,243733011,Sylvia,Jooste
dumisani31@baker.fs.school.za,27,443004177,Wendy,Mulder
celeste67@dutoit.gov.za,27,318370324,André,van der Walt
nthabiseng.vaneeden@vodamail.co.za,27,271921907,Albert,Naidu
yevans@buthelezi.agric.za,27,420523968,Bernard,Molepo
yvosloo@yahoo.com,27,429881815,Jacqueline,Nhlapo
uprinsloo@pienaar.law.za,27,274114834,Allan,Lawrence
khumalo.louis@yahoo.com,27,355147496,Gail,Mokwena
carol53@pretorius.com,27,175480968,Brandon,van der Westhuizen
arthur94@laubscher.nom.za,27,286665620,karabo,Radebe
dumisani.williams@malatji.ecape.school.za,27,447423408,Sello,Nortje
stuart88@mathe.ac.za,27,483047091,Grant,De Villiers
muller.ronald@mthembu.co.za,27,335780194,Tracy,Masemola
nhlanhla08@vodamail.co.za,27,338197751,Elaine,Mashego
carel51@jooste.fs.school.za,27,577918038,Precious,Allie
vaneeden.andile@khumalo.co.za,27,313794796,Cheryl,Mokoena
green.mashudu@botha.mil.za,27,361862454,Daniel,Moses
jacobus82@marshall.fs.school.za,27,368491947,Olivia,Lawrence
andries56@webmail.co.za,27,235997191,Nico,Modise
abraham.xulu@gmail.com,27,180402780,Melanie,Williams
kabelo45@webmail.co.za,27,589734587,Aubrey,Mngomezulu
legodi.fiona@gmail.com,27,353269699,Nkululeko,Ndaba
moodley.lesego@gmail.com,27,183381536,Carl,Walker
johann.dreyer@taljaard.wcape.school.za,27,289431959,Louise,Jacobs
asmith@gumede.com,27,442700383,Edwin,Mahlangu
bviljoen@vodamail.co.za,27,331211694,Ayanda,Ledwaba
bulelwa.fisher@vodamail.co.za,27,175296904,Bernard,Kumar
vmofokeng@vanderwalt.kzn.school.za,27,534100821,Lungile,Magagula
pietersen.nathan@visagie.edu.za,27,278486504,Catherine,Ellis
makhubela.jeremy@hotmail.com,27,419717728,Richard,Mngomezulu
marius.wright@hlongwane.agric.za,27,317234070,nhlanhla,Marshall
taryn.jackson@hotmail.com,27,579751158,Monique,Nkabinde
abigail05@nkomo.net,27,440829842,fikile,Ndhlovu
angela.lombard@gordon.grondar.za,27,282983785,Cynthia,Matlala
nmaleka@webmail.co.za,27,361674062,Ursula,Thomas
fiona.martin@hotmail.com,27,494874670,Philip,Mtshali
catherine99@webmail.co.za,27,577381631,Ashley,Mthombeni
nonkululeko.malinga@bester.lp.school.za,27,493787731,Benjamin,Snyman
tumelo29@john.grondar.za,27,227488109,Musa,Marx
rdutoit@kok.agric.za,27,540424741,dumisani,Pule
hneethling@dube.school.za,27,365649739,Ahmed,Ntuli
nvanzyl@botes.mil.za,27,484627307,Diane,Harrison
gavin.wright@webmail.co.za,27,169064732,Angelique,Joseph
phumzile90@hotmail.com,27,321581490,Petrus,Venter
cscheepers@webmail.co.za,27,247196273,Philip,Dladla
erasmus.phumzile@webmail.co.za,27,189320996,Fatima,Butler
ylee@visagie.ac.za,27,183139490,Mary,Nkomo
tbeukes@cooper.co.za,27,351629080,Trevor,de Beer
padayachee.gregory@dekock.com,27,367256168,Eric,Masango
gail94@isaacs.gp.school.za,27,288029155,Heinrich,Ferreira
nico29@vodamail.co.za,27,548286687,Vincent,Mthethwa
dmostert@ngubane.net,27,138687020,Linda,Fisher
elizabeth.geldenhuys@dutoit.edu.za,27,237763838,Christopher,Madlala
ruth.anthony@yahoo.com,27,498140670,Ursula,Fisher
arnold02@gmail.com,27,164279128,Danielle,Mphahlele
ledwaba.rene@gmail.com,27,214142218,nhlanhla,Watson
marais.jennifer@mashigo.gov.za,27,161570256,Benjamin,Moonsamy
lawrence.barend@terblanche.net.za,27,489164073,Nonkululeko,da Silva
smiller@jacobs.wcape.school.za,27,585191763,Gail,Hattingh
jdetails@mitchell.ac.za,27,331158467,Chris,Walters
francois19@vodamail.co.za,27,432707668,Mpho,van der Linde
asanda45@laubscher.wcape.school.za,27,467244717,Chantal,Langa
nonhlanhla87@hotmail.com,27,167539830,Siphokazi,Bouwer
roos.nozipho@gmail.com,27,544815246,Deborah,Ngcobo
kngobeni@webmail.co.za,27,349681394,Tumelo,Slabbert
wendy.mashinini@vanniekerk.nom.za,27,447463573,Petrus,Maharaj
jackie.miller@hotmail.com,27,419404039,Desiree,Barnes
patel.claudia@cele.fs.school.za,27,352046714,sello,Mashigo
bianca65@debruin.ncape.school.za,27,471699938,takalani,Engelbrecht
morris.rebecca@gmail.com,27,575935581,Kgomotso,Hlatshwayo
tony11@swanepoel.ac.za,27,358831825,Ahmed,Radebe
zprinsloo@john.co.za,27,313093926,Takalani,Odendaal
nhlapo.mohammed@hotmail.com,27,244022146,Katlego,Grobbelaar
agovender@kelly.school.za,27,134053212,Trevor,Gerber
moloto.kim@ntombela.net,27,242193111,Jeanette, de Beer
gerrit17@vermaak.ac.za,27,172453007,Barend,da Silva
alicia.swartz@webmail.co.za,27,510442768,Ahmed,Richards
npeter@vodamail.co.za,27,174151904,Jean,Mabena
brett.debruyn@hotmail.com,27,131922466,Tracey,da Silva
jacques01@vanzyl.ac.za,27,491224612,Louis,Claassen
modiba.lesego@swartz.nom.za,27,542934905,Dumisani,Du Plooy
lnortje@malan.ncape.school.za,27,286737641,Victor,de Beer
tgordon@vodamail.co.za,27,540777085,Rudi,Pillay
gavin24@webmail.co.za,27,560038335,Clint,van der Westhuizen
fikile04@webmail.co.za,27,549354731,Greg,Mashaba
nwatson@webmail.co.za,27,179040532,Chantal,van der Walt
stuart87@yahoo.com,27,447333913,Neville,Motsepe
phumzile.manuel@odendaal.co.za,27,110378629,Faith,van der Walt
ntsotetsi@carstens.edu.za,27,530227865,Siphokazi,Bosch
edwards.barend@george.agric.za,27,499653927,Vusi,Bekker
john17@vodamail.co.za,27,236305374,Carla,Kubheka
abrahams.ntokozo@lewis.kzn.school.za,27,242570864,Donovan,Ahmed
joubert.thabiso@koekemoer.net.za,27,244500744,Refiloe,Zondi
kagiso31@mitchell.school.za,27,174095315,Irene,Müller
russell.taljaard@maleka.gp.school.za,27,418827227,refiloe,De Lange
akhuzwayo@beukes.web.za,27,236680469,Tracey,Roberts
unathi04@hlophe.ncape.school.za,27,162297261,Julie,Xaba
bclarke@webmail.co.za,27,463166271,Sandra,Hlatshwayo
gndaba@yahoo.com,27,147151673,Christina,Magagula
taylor.boitumelo@yahoo.com,27,537168845,Tshegofatso,Pieterse
otto.bulelwa@move.co.za,27,494152468,Susan,Munyai
ihlatshwayo@hotmail.com,27,154967316,barend,Mashinini
dirk.maritz@debruin.co.za,27,345977514,Denise,Booysen
vanderwesthuizen.vuyokazi@msibi.com,27,249068770,Thato,George
vermeulen.christopher@wentzel.org.za,27,359520942,Dineo,Msomi
pearl07@webmail.co.za,27,277821021,Itumeleng,Xulu
mvermeulen@strydom.co.za,27,460400556,Walter,Dhlamini
mohale.johann@yahoo.com,27,333361120,Sam,Richards
jacobus47@greeff.wcape.school.za,27,341970670,Martha,Jansen van Vuuren
kelebogile07@edwards.law.za,27,281542771,Duduzile,Marshall
robert.mbele@vanschalkwyk.co.za,27,141707825,Ashley,Bester
naidu.ingrid@jooste.mpm.za,27,580380247,Alexander,Moore
irikhotso@hotmail.com,27,224020175,Innocent,Maake
conradie.laura@yahoo.com,27,549413830,Petrus,Minnaar
nhlatshwayo@oliver.web.za,27,368822176,thembi,Nel
molefe.vanessa@schoeman.ac.za,27,517824660,Elizabeth,Robertson
nonkululeko00@vodamail.co.za,27,284995467,Roy,Cronje
arthur85@zondi.law.za,27,579381557,Charlotte,Rossouw
nicola.lawrence@vodamail.co.za,27,538951685,Rebecca,Jooste
dimakatso.vanderlinde@gmail.com,27,576796000,Lynn,Scheepers
kmoloi@vanniekerk.wcape.school.za,27,166998516,Ruth,Delport
singh.danie@twala.wcape.school.za,27,369345663,Kenneth,White
jclark@africa.org.za,27,180118600,Charl,De Klerk
moloi.yolandi@details.edu.za,27,133313895,Dimakatso,Groenewald
jeanette.zungu@yahoo.com,27,364078541,Nhlanhla,Scheepers
lombard.personal@hotmail.com,27,483502011,Kabelo,Skosana
ayanda.mabuza@webmail.co.za,27,536063603,Nonkululeko,Mathe
davids.patricia@maluleke.org.za,27,352577168,Mario,Mthembu
nosipho44@webmail.co.za,27,285110251,Heidi,Salie
brits.debbie@anthony.kzn.school.za,27,358940727,Gugulethu,Mabunda
refiloe33@mhlongo.mpm.za,27,576079954,Aubrey,Snyman
dumisani.naude@webmail.co.za,27,321571708,Phindile, Evans
mofokeng.christina@vanderwesthuizen.lp.school.za,27,150883674,Kelebogile,Groenewald
phindile59@chauke.co.za,27,490404830,Helen,Scott
maria21@scheepers.law.za,27,270570905,Nicolaas,Van Wyk
mathebula.lesley@taljaard.web.za,27,144498503,Marc,Fredericks
bafrica@hoosen.nw.school.za,27,476666974,Fatima,De Kock
kleynhans.nokuthula@murray.mil.za,27,571443664,Fiona,Ross
ysithole@webmail.co.za,27,541153451,Natasha,Marais
tumelo.nxumalo@thompson.co.za,27,413012519,Lesego,Zuma
ehattingh@david.net,27,222652097,Your,Van Aswegen
stefan17@otto.co.za,27,419323886,Kelebogile,Mphahlele
xcloete@webmail.co.za,27,494755142,Daniel,Radebe
caroline.moloi@hotmail.com,27,215454092,Vuyokazi,Zungu
lynette.moloi@malinga.nis.za,27,152960754,vuyokazi,Hendricks
sandra.shongwe@khoza.nis.za,27,318454273,Dimakatso,Mokoena
mokwena.next@perumal.com,27,111103062,Vincent,Muller
fiona.thomas@duplooy.mil.za,27,547268178,Marthinus,Greeff
sibongile74@jones.org.za,27,538978617,Colin,Van Dyk
mandisa05@badenhorst.law.za,27,420980588,Thandi,Parker
godfrey.mncube@solomons.grondar.za,27,365939371,refiloe,Louw
morgan.martin@hotmail.com,27,423042620,Christo,Nene
mostert.james@yahoo.com,27,315078349,Hendrik,Green
mashele.denise@webmail.co.za,27,182962323,Vusi,Stewart
christine.hadebe@hotmail.com,27,281577187,Rudi,Van Der Berg
nonhlanhla26@kunene.ac.za,27,581523157,Catherine,Mabena
mahlangu.darren@hotmail.com,27,438766973,Nkosinathi,Greeff
mbele.vuyokazi@vodamail.co.za,27,537679891,Isaac,Martin
andrea.swartz@butler.ncape.school.za,27,345355747,Fatima,Khuzwayo
mdasilva@vanjaarsveld.nw.school.za,27,532660891,Tumelo,Daniels
epalmer@webmail.co.za,27,581301064,Veronica,Brand
thwala.juanita@mkhize.nom.za,27,549098637,Matthew,Labuschagne
karabo48@peters.fs.school.za,27,136436420,Matthew,Bester
rvanderlinde@gmail.com,27,576538367,Samuel,Abrahams
hjonker@vodamail.co.za,27,274579140,Cornelius,Mathe
lebogang.erasmus@vodamail.co.za,27,277031891,Nhlanhla,Barnard
jacqueline52@vodamail.co.za,27,121440016,Babalwa,Ndlovu
sizwe.mlambo@debruin.net,27,276140932,Ricardo,Visser
mncube.julie@yahoo.com,27,345927629,fikile,Dreyer
sello.nelson@kruger.kzn.school.za,27,441372118,Maureen,Mchunu
kriel.anna@harrison.co.za,27,234834796,Next,Nieuwoudt
qbezuidenhout@gmail.com,27,311117761,Mike,Fisher
musa.zwane@labuschagne.nom.za,27,421300129,Moses,Marais
bester.jacobus@yahoo.com,27,429272590,Tshepo,Harmse
takalani.makhanya@may.nis.za,27,479762414,Prudence,Roberts
scholtz.riaan@vodamail.co.za,27,369036236,dumisani,Lawrence
dennis.pillay@molepo.co.za,27,311957057,Douglas,Minnaar
ykhosa@kumalo.com,27,415535466,Zelda,Maree
george.motsepe@mpofu.edu.za,27,219033275,Herman,Naude
motsepe.stephen@webmail.co.za,27,188875878,Thando,Ncube
bulelwa.manamela@webmail.co.za,27,120426159,Phindile, Swanepoel
clark.lloyd@hotmail.com,27,277751481,Robin,Buthelezi
thabo.brand@bester.law.za,27,517933808,Patrick,Naude
leon.jansevanrensburg@vodamail.co.za,27,537157833,Next,Van Aswegen
meyer.taryn@turner.kzn.school.za,27,240493878,Alexander,Louw
thomas.babalwa@kubheka.ncape.school.za,27,459657153,Maureen,Van Dyk
nokuthula21@ntuli.wcape.school.za,27,139292690,Andries,Lawrence
gdavids@webmail.co.za,27,470185756,Liezel,Erasmus
natasha69@esterhuizen.agric.za,27,333890264,Barry,Mashego
melissa.dewet@marais.agric.za,27,572178105,Nigel,Clarke
xulu.prince@govender.fs.school.za,27,576340341,Nico,Patel
maureen67@hotmail.com,27,450786046,Gordon,Harmse
robinson.nozipho@butler.fs.school.za,27,188215926,barend,Shongwe
colin.jansenvanrensburg@webmail.co.za,27,116810103,Lawrence,Coetzee
palberts@naude.web.za,27,364137845,Alex,Ellis
nicolaas98@malan.law.za,27,348107482,Willie,Herbst
yusuf40@webmail.co.za,27,419688919,Sonja,Mathe
thulani.ntshangase@ntuli.kzn.school.za,27,279996119,Greg,Müller
wbotes@miller.org.za,27,279458951,next,Martin
timothy30@gmail.com,27,221503959,Benjamin,Maseko
lerato.dube@webmail.co.za,27,219408341,Nicholas,Munyai
ashley67@masemola.nis.za,27,279073431,Robyn,Van Aswegen
edwin58@sibanyoni.mpm.za,27,282611229,Sizwe,Blignaut
petersen.johan@ledwaba.co.za,27,232103961,Olivia,Miller
nokuthula.engelbrecht@dhlamini.net,27,412598587,Sello,Roberts
bbotha@yahoo.com,27,162990322,Asanda,Mostert
jacqueline09@vodamail.co.za,27,337392048,Sibusiso,Msibi
swanepoel.patricia@gmail.com,27,435323214,Busisiwe,Alberts
vanessa.kumalo@hlophe.nis.za,27,284684889,sello,Stewart
mduduzi.devilliers@vodamail.co.za,27,236176407,Andre,da Silva
nadine62@walters.org.za,27,150288660,Janine,Kumalo
mokwena.lloyd@moosa.school.za,27,173849562,Albert,Adonis
cvanheerden@gmail.com,27,284380598,Yolanda,Gouws
cmoosa@hotmail.com,27,325263126,Jabulani,Tshabalala
kgomotso.goosen@webmail.co.za,27,311625549,Justin,Taljaard
vuyokazi.legodi@zulu.grondar.za,27,211204946,siphokazi,Walters
babalwa08@vodamail.co.za,27,224064804,Siphokazi,Perumal
sello.dutoit@wentzel.co.za,27,112346794,Victoria,Johnson
rbenjamin@webmail.co.za,27,117416262,nicolaas,Hill
ernest17@thwala.net.za,27,478244390,Yolandi,Mavuso
mandisa.anthony@gmail.com,27,273184792,Karabo,Letsoalo
street.refiloe@vodamail.co.za,27,246552120,Priscilla,Mpofu
nswanepoel@webmail.co.za,27,358574887,Marthinus,Els
mandla98@vodamail.co.za,27,230624700,Dennis,Blignaut
vanschalkwyk.wendy@hotmail.com,27,362838427,Siphokazi,Van Den Berg
sipho55@webmail.co.za,27,222721722,Heather,Buys
sizwe51@webmail.co.za,27,327089457,Theo,Venter
scott.estelle@vanwyk.gp.school.za,27,354620616,Francis,Uys
gordon19@webmail.co.za,27,539918873,Deborah,Beukes
gmaharaj@smith.law.za,27,435246392,Norman,Williams
gnair@gmail.com,27,319146723,lindiwe,Africa
ncube.refiloe@hotmail.com,27,353449892,Tshepiso,Potgieter
bell.theresa@maharaj.nom.za,27,487446508,Joe,Legodi
xenslin@webmail.co.za,27,477107070,nhlanhla,Els
pillay.fikile@webmail.co.za,27,245933244,Ronald,Mulder
mathebula.nicolaas@steyn.com,27,350698931,Michelle,Walters
natasha33@moonsamy.kzn.school.za,27,340186322,Anthea,Gordon
ursula37@yahoo.com,27,271521405,Leonard,Maluleka
vanrensburg.conrad@hotmail.com,27,422464212,Thabang,Olivier
kelebogile.duplooy@mashigo.grondar.za,27,589206188,Nozipho,Bailey
buys.juan@skosana.mpm.za,27,129252609,Cynthia,Cloete
egreen@saunders.edu.za,27,355975544,Dumisani,Mthethwa
john.tumelo@gmail.com,27,287045698,siphokazi,Maseko
mkhan@khanyile.net,27,171232269,Sibongile,Malatji
thompson.cheryl@abrahams.co.za,27,165157056,Clive,Prinsloo
smit.mohammed@webmail.co.za,27,311521793,thulani,Meyer
padayachee.antoinette@webmail.co.za,27,442880572,Monique,Van Zyl
bosch.russell@strauss.gp.school.za,27,437853748,Vuyokazi,Ndhlovu
phumzile81@hotmail.com,27,159966197,Clint,Van Rensburg
cheryl.shezi@vodamail.co.za,27,451007057,Jacques,Ngwenya
esterhuizen.nomsa@hotmail.com,27,275065478,Karen,Fortuin
jennifer.visagie@vodamail.co.za,27,494929948,Jennifer,Mahomed
wendy68@tshabalala.edu.za,27,458866722,Ruth,Chetty
phlatshwayo@yahoo.com,27,445042744,Lynn,Geldenhuys
rachel20@webmail.co.za,27,459007400,Stuart,Odendaal
dean.dutoit@yahoo.com,27,434795038,Donald,Basson
bduma@wood.web.za,27,159899226,Warren,Mashaba
xvanderwalt@webmail.co.za,27,279997511,Taryn,Baloyi
priscilla.leroux@hotmail.com,27,581056880,Abraham,Hughes
gert60@hotmail.com,27,479383444,Helen,Beukes
mabena.bongiwe@webmail.co.za,27,494648921,Next,Wilson
nadine14@webmail.co.za,27,215837247,Mary,Naude
moloi.malcolm@mncube.law.za,27,362508330,Mogamat,Hendricks
johannes88@vodamail.co.za,27,536177612,Nicolaas,Merwe
nene.derek@gmail.com,27,174576526,Esther, Olivier
refiloe.mohlala@yahoo.com,27,215302721,fikile,Mohlala
anna.shabangu@swanepoel.co.za,27,435404309,Dimakatso,Padayachee
majola.sonja@msibi.co.za,27,343017822,Tsholofelo,Wood
gvanderberg@mkhabela.co.za,27,289087297,nozipho,Hoffman
next.botes@ebrahim.nis.za,27,173554922,Fiona,de Beer
adelange@webmail.co.za,27,359517080,Dean,De Jager
nkosi.andries@gmail.com,27,532079083,barend,Beukes
edwin27@msomi.co.za,27,234358467,Lynn,Hoffman
odendaal.sibongile@yahoo.com,27,568584001,Gugu,Müller
smith.katlego@webmail.co.za,27,148200601,Jeanette, Kleynhans
vally@vodamail.co.za,27,434153563,Desmond,Motloung
cecilia87@yahoo.com,27,176544226,Teboho,James
xmazibuko@allie.mil.za,27,361418983,Robyn,Langa
kumalo.stephan@vodamail.co.za,27,446979691,Tracey,Mdluli
siphiwe39@vanstaden.ecape.school.za,27,343967504,bulelwa,Loubser
mlawrence@webmail.co.za,27,226849942,Thulani,Hlophe
jansenvanvuuren.simone@vodamail.co.za,27,323479168,Kelebogile,Khuzwayo
carstens.jacqueline@malatji.gov.za,27,244348853,Nicola,Motsepe
vandeventer.mary@vanderberg.ncape.school.za,27,535088575,Nonhlanhla,Banda
juan.chetty@gmail.com,27,548422290,Mbali,Van Wyk
basson.louis@yahoo.com,27,123008331,Stephan,Mazibuko
ijames@gmail.com,27,585887136,Tebogo,Johnson
pule.lesego@mashaba.org.za,27,172502570,Marlene,Miller
marlene72@vodamail.co.za,27,572493007,Nicholas,Dladla
rikhotso.amanda@gmail.com,27,547854651,Thabo,Masilela
flubbe@moonsamy.nis.za,27,167535078,Thapelo,Africa
sarah68@koen.co.za,27,574975142,Bernard,Benjamin
melissa.anderson@tsotetsi.co.za,27,128403631,Lebohang,Legodi
judith34@matthews.mil.za,27,160410100,bulelwa,Williams
gugulethu88@jones.co.za,27,492007098,Bianca,Shabalala
phillip75@hotmail.com,27,366460155,Frans,Sibanyoni
schutte.takalani@shabangu.ncape.school.za,27,513690112,Olivia,Zungu
andrew.robinson@nhlapo.net.za,27,443983772,Zelda,De Villiers
shane09@hotmail.com,27,421833865,Hannes,Nkuna
thabo31@vodamail.co.za,27,150905436,Mary,Van Heerden
nmostert@jansevanrensburg.fs.school.za,27,577762610,Jaco,Hlatshwayo
vermaak.werner@gmail.com,27,163232267,Ryan,van Tonder
jafrica@webmail.co.za,27,363800408,Duduzile,Alberts
gumede.nompumelelo@ndou.nis.za,27,471858305,Bradley,Myburgh
shane61@petersen.grondar.za,27,239534771,To, Marais
lee.cindy@vodamail.co.za,27,548026551,Natasha,Naidu
kagiso.mashele@cupido.org.za,27,154954039,Godfrey,Dreyer
emmanuel80@yahoo.com,27,281822484,Tasneem,Mathebula
smolefe@webmail.co.za,27,184467680,Angelique,Pule
jessica.khanyile@yahoo.com,27,547438212,Juanita,Odendaal
valberts@vodamail.co.za,27,584913624,Heinrich,Enslin
craig05@adonis.org.za,27,110574610,Caroline,Nortje
dineo18@ally.kzn.school.za,27,357753874,Liezel,da Silva
bothma.trevor@koen.mil.za,27,478435925,Pamela,Moloto
yusuf39@webmail.co.za,27,116183601,André,Davids
mkelly@yahoo.com,27,541647626,Unathi,Brits
isaacs.siyabonga@mlangeni.web.za,27,432915055,Unathi,Gerber
thandeka.nzimande@pillay.nom.za,27,431126308,Alex,Strauss
maluleke.sello@yahoo.com,27,423537016,Clive,Carstens
gail81@naidu.fs.school.za,27,185376926,Leigh,Ngema
grant94@yahoo.com,27,212562599,Mike,Joubert
motloung.vusi@yahoo.com,27,357912812,Aubrey,Shongwe
wesley.mashaba@hotmail.com,27,331648360,Yolandi,Maluleke
rschutte@yahoo.com,27,283857760,Nonhlanhla,Nkomo
tanya.mphahlele@hotmail.com,27,345924904,Rodney,Mofokeng
esther62@adams.gp.school.za,27,274625469,Sibongile,Nel
deborah.schoeman@rautenbach.grondar.za,27,436875916,Barbara,Samuels
lebogang32@may.lp.school.za,27,575724590,Personal,Khanyile
lynette.hlophe@jansevanrensburg.lp.school.za,27,497176339,Edward,Pillay
tgreyling@webmail.co.za,27,333211266,Rachel,Basson
lawrence.heinrich@webmail.co.za,27,170191841,Jacobus,Murray
cronje.tumelo@majola.law.za,27,284008191,Brenda,Moloi
kgomotso.naicker@dasilva.mpm.za,27,274732187,Stephen,Enslin
skumar@hotmail.com,27,565121745,Nadine,Abrahams
antoinette.kelly@yahoo.com,27,113982561,Sean,Delport
sibanyoni.personal@maree.mpm.za,27,245421262,Lizelle,Ndebele
karabo.lewis@hotmail.com,27,366787772,Charlene,Sibanda
qharris@masilela.mpm.za,27,329704114,Eric,Motaung
droos@vandeventer.lp.school.za,27,240055700,Nick,Mtshali
celeste38@webmail.co.za,27,276578207,Frederick,Parker
sandra.boshoff@vodamail.co.za,27,446849652,Alfred,Stewart
debbie18@yahoo.com,27,511191844,Barry,Masilela
shawn.mokone@maleka.co.za,27,324391881,Denise,Masilela
dpretorius@jansenvanvuuren.edu.za,27,243733703,William,Collins
heinrich.thompson@mohlala.com,27,369582665,Adele,Willemse
shezi.christian@duplooy.lp.school.za,27,364696146,lindiwe,Taljaard
jason39@nkabinde.wcape.school.za,27,282990568,Teboho,Gouws
kkhanyile@gmail.com,27,282075749,Alison,Shezi
sibiya.andries@lawrence.co.za,27,422921263,Daniel,Thwala
bulelwa56@motsepe.school.za,27,477662864,Mary,Van Jaarsveld
duplessis.kabelo@vodamail.co.za,27,491570385,Dave,Blignaut
nicholas.fortuin@gmail.com,27,215828234,Johanna,Ndlovu
vjoubert@vodamail.co.za,27,436055662,Desiree,Maharaj
grant.mokwena@webmail.co.za,27,482377487,Bulelwa,Claassen
xlawrence@mnguni.lp.school.za,27,323851438,Jean,Adams
peter.donald@hotmail.com,27,472161610,Brian,Basson
mudau.xolani@hotmail.com,27,539876888,Riaan,Pieterse
mahomed.claudia@yahoo.com,27,277087628,Sifiso,Steenkamp
kobus51@gmail.com,27,565037146,Unathi,Buys
njansenvanrensburg@cele.org.za,27,351993649,Jessica,Naicker
wkhuzwayo@gmail.com,27,284716060,Dimakatso,Ntshangase
wood.cheryl@gmail.com,27,335129567,Joe,Pather
sibongile.thomas@vanstaden.edu.za,27,275762281,Nompumelelo,David
ghoffman@webmail.co.za,27,345650092,Gloria,Munyai
dumisani.wessels@twala.gp.school.za,27,541824386,nonhlanhla,Adams
festerhuizen@vodamail.co.za,27,225510770,Janet,Bennett
esther.dhlamini@vosloo.edu.za,27,127768350,Conrad,Moses
brown.brett@gmail.com,27,333358390,Nthabiseng,Palmer
boberholzer@vodamail.co.za,27,286754903,Sifiso,Gumede
kleynhans.christian@roberts.wcape.school.za,27,235952313,Janet,Zulu
amaluleka@nel.web.za,27,323886506,Lydia,Stewart
joyce79@terblanche.school.za,27,538572395,Melissa,Nelson
christopher.mbatha@africa.web.za,27,315723807,Lee,Mnisi
jsingh@allie.school.za,27,369833696,Morne,Mbele
zanele66@webmail.co.za,27,272912438,Thomas,Dlamini
vuyokazi26@vodamail.co.za,27,511808283,Jeffrey,Africa
bosch.nicholas@gmail.com,27,418006821,Lerato,Ismail
mlangeni.albert@hotmail.com,27,412535975,Isaac,Nzimande
knene@yahoo.com,27,446494210,Lorraine,Letsoalo
stephen13@padayachee.lp.school.za,27,369313350,Kelebogile,Hughes
scott.nonhlanhla@vodamail.co.za,27,348614686,Keith,Skosana
clint25@webmail.co.za,27,150205055,Karin,Mabuza
qmchunu@rikhotso.ecape.school.za,27,123406725,Danielle,Schoeman
ledwaba.phindile@botha.law.za,27,427801023,Andries,Lubbe
dasilva.tracey@gmail.com,27,575168881,Patrick,Kleynhans
qschmidt@brand.net,27,172110183,Maureen,Salie
lhorn@muller.nw.school.za,27,486136453,Bernard,Human
hkoekemoer@naude.fs.school.za,27,412766925,Tsholofelo,Dube
stephen58@gmail.com,27,460575333,Joyce,Kunene
andiswa.mahomed@yahoo.com,27,280458291,Christian,Padayachee
mthembu.hannes@mouton.ecape.school.za,27,144450886,Thandi,Makhubela
zandile28@uys.kzn.school.za,27,363122794,Barry,Conradie
mabasa.siphiwe@webmail.co.za,27,342791755,Jean,Lee
lebogang45@gmail.com,27,469067042,Nadia,Anderson
harmse.yolanda@kubheka.mpm.za,27,140250368,Patrick,De Bruin
sifiso56@hall.co.za,27,282750031,Dumisani,Miya
aubrey96@vandyk.grondar.za,27,356927452,Christopher,Anthony
francis66@yahoo.com,27,464180562,Taryn,Skosana
moagi.bernard@webmail.co.za,27,453264313,Deon,Twala
cdaniels@yahoo.com,27,431398266,Refiloe,Khanyile
mohamed.viljoen@webmail.co.za,27,129118367,Sharon,Cloete
vscholtz@conradie.ecape.school.za,27,417677323,Barend,Walker
beukes.nadine@phillips.nom.za,27,243083109,Tasneem,Alberts
jordaan.tshepo@louw.mpm.za,27,310558598,vusi,Baker
kekana.nicole@brown.ncape.school.za,27,310239228,Etienne,Mkhwanazi
blignaut.anna@hotmail.com,27,412127323,Moses,Van Wyk
mandy56@clark.co.za,27,246379638,Contact, Mdluli
anita.dupreez@vodamail.co.za,27,143142970,Diane,Mokwena
ubrink@mogale.com,27,171467373,Charlotte,Mpofu
jacobus.louw@september.school.za,27,231424303,Lesego,Myburgh
peter.vanheerden@taylor.net.za,27,464729859,Nosipho,Oliver
nhlanhla.wright@groenewald.nis.za,27,330635898,Hendrik,Bouwer
vusi86@baloyi.com,27,497579039,Thabang,Gordon
king.abigail@strydom.nom.za,27,184154014,refiloe,Andrews
contact.enslin@pienaar.law.za,27,567099458,marthinus,Coetzee
nicola42@mokwena.nis.za,27,125777575,Carmen,Visser
nozipho.solomon@robinson.law.za,27,468823984,To, Naicker
stephanie.pule@clarke.ac.za,27,574053766,Tshepiso,Richards
leonard59@vodamail.co.za,27,581440366,Darren,Louw
dhlamini.zanele@strydom.fs.school.za,27,351055830,Mr., Shongwe
nicolaas79@thomas.net,27,280258001,Rudi,Visser
werner.maree@ismail.co.za,27,542305329,Matthew,Robinson
bvaneeden@webmail.co.za,27,176860680,Malcolm,Vermeulen
daniels.jessica@solomons.ecape.school.za,27,574656940,Sifiso,Jansen van Rensburg
nene.abigail@mbele.kzn.school.za,27,448127682,Edward,Louw
ggreeff@mahomed.ncape.school.za,27,245313953,Kgomotso,Adonis
gmarx@gmail.com,27,546756422,Edward,Nel
musa11@gmail.com,27,458597985,Adrian,Maphumulo
jkubheka@kruger.com,27,144101809,Alison,Neethling
kelebogile.moloi@yahoo.com,27,434954456,Kenneth,Collins
vanschalkwyk.anton@hotmail.com,27,179863731,Nadine,Van Rensburg
mazibuko.siyabonga@webmail.co.za,27,546681578,Jacob,Matthews
justin65@yahoo.com,27,358239196,Barend,Visagie
mandisa.miya@mphahlele.org.za,27,280809862,Thato,Shabalala
vernon10@britz.mpm.za,27,360834473,Maria,Mitchell
hels@webmail.co.za,27,440125386,Brenda,Harrison
elizabeth18@hotmail.com,27,351297635,Natasha,Mogale
dtruter@wood.mil.za,27,156604029,Lindiwe,Move
carmen.shabalala@rossouw.lp.school.za,27,118313644,Sharon,Petersen
godfrey.ntuli@yahoo.com,27,569053139,Andrew,Chetty
jacobs.christina@gmail.com,27,444050534,Simone,De Klerk
hendrik.scheepers@hotmail.com,27,452810868,Sello,Du Preez
george.vanderwesthuizen@ndaba.lp.school.za,27,434772756,nhlanhla,Adonis
boitumelo18@hotmail.com,27,424851438,Alan,Liebenberg
sdevilliers@pather.grondar.za,27,272152336,Palesa,Mohlala
zdevilliers@gmail.com,27,243376795,Francis,Mudau
amay@dekock.co.za,27,535674229,phumzile,Mtsweni
rschutte@webmail.co.za,27,580489678,Isaac,Potgieter
jennifer64@khumalo.mil.za,27,412897631,Jonathan,Sibanyoni
britz.gillian@terblanche.net,27,354296213,kabelo,Merwe
kelly43@vanniekerk.ecape.school.za,27,161891360,Carmen,Ngubane
morne96@vodamail.co.za,27,240849618,Lloyd,Mkhize
zpienaar@webmail.co.za,27,151439915,Next,Ledwaba
terence18@vodamail.co.za,27,344021754,René,Williams
marlene28@yahoo.com,27,430143206,Danielle,Jackson
jaco.barnes@webmail.co.za,27,536071106,Bronwyn,Mashigo
kriel.maria@els.org.za,27,446365886,Gavin,Ngubane
clarke.siphiwe@martin.co.za,27,248665587,Anita,Van Der Berg
liezel.ngubane@buys.co.za,27,411290883,Lizelle,Uys
coetzee.melissa@webmail.co.za,27,320724687,Donald,Bezuidenhout
fshezi@loubser.fs.school.za,27,547645629,Lindiwe,Alexander
greyling.nonhlanhla@yahoo.com,27,151244044,Monica,Madlala
mbatha.desiree@webmail.co.za,27,230051736,kagiso,Andrews
adams.nicole@hotmail.com,27,111453142,André,Robertson
bosch.itumeleng@nell.co.za,27,574477512,Victor,Manuel
roy.naude@cele.co.za,27,571556697,Lucas, Meyer
zama79@thompson.gp.school.za,27,490229727,Shannon,Pretorius
mamabolo.chantel@hotmail.com,27,212465714,Lawrence,Motloung
ronald04@yahoo.com,27,446607786,Thandeka,Robertson
mazibuko.wayne@hotmail.com,27,274675382,Kgomotso,Hlongwane
odendaal.nadia@hotmail.com,27,541084890,Jonathan,Smith
robertson.nicola@theron.lp.school.za,27,242174184,Gugulethu,Mashele
qmokwena@webmail.co.za,27,539555119,Natalie,Wood
tsholofelo.msomi@khosa.school.za,27,464272481,Martin,Greeff
shabalala.ernest@groenewald.edu.za,27,354624333,Yolanda,Mthombeni
michelle.george@hotmail.com,27,537447831,Ian,Smith
ptaylor@gouws.edu.za,27,568881129,Abigail,Shongwe
roy.nxumalo@webmail.co.za,27,226463017,Personal,Uys
gloria82@cassim.com,27,578329845,Monique,Beukes
jeanette67@msibi.ecape.school.za,27,476501463,Asanda,van Tonder
ysithole@prinsloo.net,27,313535460,Refilwe,Mnguni
sam.swanepoel@human.web.za,27,577959571,Babalwa,Mulder
mphahlele.nonhlanhla@mathebula.com,27,546620127,Kelebogile,Rautenbach
dineo08@masuku.nis.za,27,571189631,Thulani,Thwala
gideon74@vodamail.co.za,27,230779784,Melissa,Bennett
mabunda.rebecca@ncube.nis.za,27,326256221,Frederick,Motsepe
christine.mkhwanazi@paul.grondar.za,27,367018359,Takalani,Cloete
emabuza@yahoo.com,27,581205900,Faith,Jansen
ismail.sharon@gmail.com,27,173694711,Tebogo,Mchunu
awhite@williams.agric.za,27,133178973,Christopher,Mphahlele
martha.viljoen@webmail.co.za,27,437032100,Lungile,Bezuidenhout
rjansevanrensburg@thwala.net.za,27,136417471,babalwa,De Klerk
siphiwe98@ellis.com,27,359160953,Roger,Enslin
cindy86@motaung.org.za,27,476037012,Tasneem,Smith
msomi.jenny@yahoo.com,27,363186451,Adele,Naude
karen12@yahoo.com,27,452002969,Tsholofelo,Dhlamini
darren74@vodamail.co.za,27,312630670,Precious,Van Den Berg
